week,store_id,region,product_id,category,sales,price,revenue,promotion,holiday
2022-01-01,4,North,P001,Household,195,28.79,5614.05,0,0
2022-01-01,5,North,P002,Dairy,184,23.23,4274.32,0,0
2022-01-01,3,North,P003,Personal Care,204,40.2,8200.800000000001,0,0
2022-01-01,1,South,P004,Household,216,23.17,5004.72,0,1
2022-01-01,1,Central,P005,Beverages,192,15.53,2981.7599999999998,0,1
2022-01-01,2,South,P006,Snacks,205,25.96,5321.8,0,0
2022-01-01,5,Central,P007,Household,198,49.2,9741.6,0,0
2022-01-01,3,South,P008,Household,204,19.04,3884.16,0,1
2022-01-01,4,Central,P009,Beverages,192,34.49,6622.08,0,0
2022-01-01,2,North,P010,Dairy,181,27.32,4944.92,0,0
2022-01-08,3,North,P001,Snacks,189,12.84,2426.7599999999998,0,0
2022-01-08,5,North,P002,Household,202,29.52,5963.04,1,0
2022-01-08,3,South,P003,Personal Care,228,38.09,8684.52,0,0
2022-01-08,1,North,P004,Household,177,30.53,5403.81,0,0
2022-01-08,1,Central,P005,Snacks,195,44.88,8751.6,1,0
2022-01-08,2,South,P006,Household,191,21.56,4117.96,0,0
2022-01-08,5,Central,P007,Beverages,212,13.45,2851.3999999999996,0,0
2022-01-08,5,South,P008,Household,209,47.46,9919.14,0,1
2022-01-08,3,Central,P009,Household,194,25.13,4875.22,1,0
2022-01-08,2,Central,P010,Personal Care,193,33.06,6380.580000000001,0,0
2022-01-15,5,South,P001,Beverages,210,41.68,8752.8,1,0
2022-01-15,1,South,P002,Beverages,181,22.97,4157.57,0,0
2022-01-15,3,North,P003,Household,212,38.65,8193.8,0,0
2022-01-15,4,North,P004,Personal Care,192,15.42,2960.64,1,1
2022-01-15,1,Central,P005,Household,196,21.65,4243.4,0,1
2022-01-15,2,Central,P006,Household,191,15.79,3015.89,1,0
2022-01-15,5,Central,P007,Snacks,205,42.45,8702.25,1,1
2022-01-15,1,South,P008,Snacks,221,18.91,4179.11,1,0
2022-01-15,4,South,P009,Personal Care,192,38.7,7430.400000000001,0,0
2022-01-15,4,North,P010,Dairy,197,47.73,9402.81,0,0
2022-01-22,2,Central,P001,Snacks,229,31.11,7124.19,0,0
2022-01-22,1,North,P002,Dairy,194,31.6,6130.400000000001,1,1
2022-01-22,3,South,P003,Beverages,200,28.44,5688.0,0,1
2022-01-22,1,South,P004,Snacks,204,23.04,4700.16,0,1
2022-01-22,4,South,P005,Snacks,223,29.03,6473.6900000000005,0,0
2022-01-22,2,North,P006,Personal Care,207,34.11,7060.7699999999995,0,0
2022-01-22,2,South,P007,Dairy,194,49.44,9591.359999999999,0,0
2022-01-22,3,Central,P008,Snacks,177,47.51,8409.27,0,1
2022-01-22,2,North,P009,Snacks,207,44.49,9209.43,0,1
2022-01-22,2,South,P010,Personal Care,206,45.57,9387.42,0,0
2022-01-29,2,North,P001,Personal Care,228,28.71,6545.88,0,1
2022-01-29,2,North,P002,Dairy,225,36.3,8167.499999999999,0,0
2022-01-29,2,South,P003,Beverages,215,45.8,9847.0,0,1
2022-01-29,4,South,P004,Beverages,178,25.72,4578.16,1,0
2022-01-29,1,North,P005,Household,193,48.47,9354.71,0,0
2022-01-29,5,North,P006,Snacks,220,26.63,5858.599999999999,0,1
2022-01-29,2,South,P007,Dairy,184,34.04,6263.36,0,1
2022-01-29,5,Central,P008,Snacks,179,38.39,6871.81,0,1
2022-01-29,5,North,P009,Dairy,202,48.02,9700.04,0,1
2022-01-29,4,North,P010,Dairy,209,19.78,4134.02,0,0
2022-02-05,2,Central,P001,Dairy,206,39.85,8209.1,0,0
2022-02-05,5,South,P002,Snacks,178,30.83,5487.74,0,1
2022-02-05,2,South,P003,Personal Care,221,20.74,4583.54,0,0
2022-02-05,3,Central,P004,Snacks,203,41.06,8335.18,0,0
2022-02-05,3,South,P005,Dairy,191,32.09,6129.1900000000005,0,1
2022-02-05,3,South,P006,Household,223,36.44,8126.12,0,0
2022-02-05,5,North,P007,Beverages,197,22.92,4515.240000000001,1,0
2022-02-05,3,North,P008,Dairy,191,29.25,5586.75,1,0
2022-02-05,4,North,P009,Household,184,34.69,6382.959999999999,1,0
2022-02-05,4,Central,P010,Personal Care,203,26.2,5318.599999999999,0,0
2022-02-12,5,South,P001,Dairy,182,17.93,3263.2599999999998,1,0
2022-02-12,2,South,P002,Household,208,48.47,10081.76,0,1
2022-02-12,1,North,P003,Dairy,214,30.46,6518.4400000000005,1,0
2022-02-12,2,North,P004,Snacks,200,39.36,7872.0,0,0
2022-02-12,2,Central,P005,Household,208,26.44,5499.52,1,0
2022-02-12,2,South,P006,Snacks,195,24.21,4720.95,0,1
2022-02-12,2,Central,P007,Snacks,199,26.29,5231.71,0,0
2022-02-12,1,South,P008,Household,156,26.37,4113.72,1,0
2022-02-12,3,Central,P009,Beverages,181,31.77,5750.37,0,1
2022-02-12,2,North,P010,Household,205,31.74,6506.7,0,0
2022-02-19,4,Central,P001,Beverages,202,29.89,6037.78,0,0
2022-02-19,5,Central,P002,Dairy,201,15.39,3093.3900000000003,0,1
2022-02-19,5,North,P003,Dairy,197,29.84,5878.48,0,0
2022-02-19,4,South,P004,Household,216,16.76,3620.1600000000003,0,1
2022-02-19,2,South,P005,Dairy,184,15.05,2769.2000000000003,0,0
2022-02-19,1,North,P006,Personal Care,207,47.31,9793.17,1,0
2022-02-19,3,Central,P007,Snacks,202,34.2,6908.400000000001,0,1
2022-02-19,5,Central,P008,Snacks,194,36.38,7057.72,0,1
2022-02-19,3,Central,P009,Beverages,166,26.07,4327.62,1,0
2022-02-19,1,South,P010,Dairy,199,46.36,9225.64,0,0
2022-02-26,5,Central,P001,Beverages,185,35.52,6571.200000000001,0,0
2022-02-26,3,South,P002,Snacks,206,40.77,8398.62,0,0
2022-02-26,1,Central,P003,Snacks,200,24.74,4948.0,0,1
2022-02-26,3,North,P004,Dairy,174,48.4,8421.6,0,0
2022-02-26,2,North,P005,Personal Care,229,42.82,9805.78,0,0
2022-02-26,1,South,P006,Personal Care,198,44.16,8743.679999999998,1,0
2022-02-26,3,South,P007,Dairy,186,16.89,3141.54,0,1
2022-02-26,2,North,P008,Dairy,178,20.84,3709.52,0,0
2022-02-26,2,North,P009,Beverages,216,21.43,4628.88,1,1
2022-02-26,1,Central,P010,Dairy,180,20.84,3751.2,0,0
2022-03-05,4,North,P001,Personal Care,210,44.22,9286.199999999999,0,0
2022-03-05,5,South,P002,Dairy,185,11.28,2086.7999999999997,1,0
2022-03-05,1,North,P003,Beverages,195,13.04,2542.7999999999997,0,0
2022-03-05,2,South,P004,Beverages,226,20.96,4736.96,0,0
2022-03-05,2,South,P005,Beverages,211,17.99,3795.89,0,0
2022-03-05,1,Central,P006,Beverages,222,19.27,4277.94,1,0
2022-03-05,4,Central,P007,Household,192,41.92,8048.64,0,0
2022-03-05,5,Central,P008,Dairy,177,32.53,5757.81,1,0
2022-03-05,3,Central,P009,Snacks,232,10.23,2373.36,0,0
2022-03-05,1,North,P010,Dairy,198,27.17,5379.660000000001,0,0
2022-03-12,5,Central,P001,Household,207,26.32,5448.24,0,0
2022-03-12,5,North,P002,Beverages,213,14.56,3101.28,0,0
2022-03-12,2,Central,P003,Household,171,37.05,6335.549999999999,0,0
2022-03-12,3,Central,P004,Personal Care,220,38.08,8377.6,0,0
2022-03-12,1,South,P005,Personal Care,183,38.84,7107.72,0,0
2022-03-12,2,North,P006,Dairy,179,39.14,7006.06,0,0
2022-03-12,2,South,P007,Dairy,174,10.0,1740.0,0,0
2022-03-12,4,Central,P008,Snacks,176,48.16,8476.16,1,0
2022-03-12,5,North,P009,Snacks,195,42.57,8301.15,1,0
2022-03-12,1,Central,P010,Personal Care,211,46.16,9739.759999999998,0,0
2022-03-19,1,South,P001,Beverages,212,10.63,2253.56,0,0
2022-03-19,1,North,P002,Household,222,47.35,10511.7,0,0
2022-03-19,2,South,P003,Snacks,170,42.39,7206.3,0,0
2022-03-19,4,Central,P004,Snacks,206,43.49,8958.94,0,0
2022-03-19,3,Central,P005,Beverages,238,13.73,3267.7400000000002,0,0
2022-03-19,2,Central,P006,Beverages,218,39.55,8621.9,1,0
2022-03-19,3,North,P007,Dairy,174,48.4,8421.6,1,0
2022-03-19,4,South,P008,Household,201,37.14,7465.14,0,0
2022-03-19,5,South,P009,Beverages,198,32.82,6498.36,0,0
2022-03-19,1,Central,P010,Snacks,222,47.83,10618.26,0,0
2022-03-26,3,South,P001,Snacks,198,27.72,5488.5599999999995,0,0
2022-03-26,2,North,P002,Personal Care,186,33.97,6318.42,0,0
2022-03-26,3,Central,P003,Beverages,203,29.05,5897.150000000001,1,0
2022-03-26,5,Central,P004,Dairy,201,47.31,9509.310000000001,1,0
2022-03-26,1,Central,P005,Household,208,13.04,2712.3199999999997,1,0
2022-03-26,3,North,P006,Dairy,210,30.04,6308.4,0,0
2022-03-26,5,Central,P007,Snacks,227,37.48,8507.96,0,0
2022-03-26,2,Central,P008,Dairy,183,41.68,7627.44,0,0
2022-03-26,4,Central,P009,Snacks,216,33.32,7197.12,0,0
2022-03-26,2,Central,P010,Snacks,190,46.36,8808.4,1,0
2022-04-02,1,South,P001,Snacks,217,47.68,10346.56,0,0
2022-04-02,2,Central,P002,Snacks,204,12.57,2564.28,0,0
2022-04-02,2,North,P003,Snacks,205,26.09,5348.45,0,0
2022-04-02,2,Central,P004,Personal Care,207,10.94,2264.58,0,0
2022-04-02,2,Central,P005,Dairy,201,23.18,4659.18,0,0
2022-04-02,1,South,P006,Personal Care,202,31.47,6356.94,0,0
2022-04-02,5,Central,P007,Personal Care,182,46.43,8450.26,0,0
2022-04-02,3,South,P008,Beverages,205,43.86,8991.3,0,0
2022-04-02,4,North,P009,Beverages,182,15.1,2748.2,0,0
2022-04-02,3,South,P010,Beverages,204,13.72,2798.88,0,0
2022-04-09,3,Central,P001,Household,222,33.57,7452.54,0,0
2022-04-09,4,North,P002,Beverages,213,31.28,6662.64,0,0
2022-04-09,1,Central,P003,Dairy,200,20.66,4132.0,0,0
2022-04-09,4,South,P004,Personal Care,193,45.98,8874.14,0,0
2022-04-09,1,North,P005,Dairy,175,47.09,8240.75,0,0
2022-04-09,3,North,P006,Beverages,183,26.1,4776.3,0,0
2022-04-09,1,South,P007,Household,185,45.61,8437.85,1,0
2022-04-09,5,South,P008,Household,199,25.36,5046.64,0,0
2022-04-09,4,North,P009,Personal Care,186,39.47,7341.42,0,0
2022-04-09,5,North,P010,Dairy,190,29.04,5517.599999999999,0,0
2022-04-16,3,South,P001,Snacks,181,14.9,2696.9,0,0
2022-04-16,4,Central,P002,Dairy,194,47.12,9141.279999999999,0,0
2022-04-16,3,North,P003,Beverages,205,28.16,5772.8,1,0
2022-04-16,5,South,P004,Snacks,224,39.38,8821.12,0,0
2022-04-16,3,Central,P005,Household,214,24.69,5283.66,0,0
2022-04-16,4,North,P006,Personal Care,187,10.76,2012.12,0,0
2022-04-16,4,North,P007,Personal Care,205,14.02,2874.1,0,0
2022-04-16,3,South,P008,Household,211,29.85,6298.35,0,0
2022-04-16,4,Central,P009,Beverages,209,37.6,7858.400000000001,0,0
2022-04-16,4,North,P010,Household,201,23.39,4701.39,0,0
2022-04-23,3,Central,P001,Beverages,201,37.82,7601.82,0,0
2022-04-23,5,Central,P002,Snacks,195,37.95,7400.250000000001,0,0
2022-04-23,4,North,P003,Household,187,38.16,7135.919999999999,0,0
2022-04-23,4,Central,P004,Beverages,220,29.7,6534.0,0,0
2022-04-23,4,North,P005,Snacks,213,46.6,9925.800000000001,0,0
2022-04-23,4,Central,P006,Household,201,29.57,5943.57,0,0
2022-04-23,3,North,P007,Personal Care,197,28.01,5517.97,0,0
2022-04-23,5,South,P008,Household,194,17.98,3488.12,0,0
2022-04-23,5,North,P009,Dairy,204,22.31,4551.24,0,0
2022-04-23,1,North,P010,Household,183,11.69,2139.27,0,0
2022-04-30,4,North,P001,Dairy,186,35.34,6573.240000000001,0,0
2022-04-30,4,Central,P002,Snacks,221,19.94,4406.740000000001,0,0
2022-04-30,1,South,P003,Household,196,22.17,4345.320000000001,0,0
2022-04-30,5,Central,P004,Snacks,196,40.83,8002.679999999999,1,0
2022-04-30,2,Central,P005,Snacks,215,23.09,4964.35,0,0
2022-04-30,2,North,P006,Beverages,207,19.69,4075.8300000000004,0,0
2022-04-30,5,Central,P007,Snacks,203,16.76,3402.28,0,0
2022-04-30,4,North,P008,Snacks,186,40.99,7624.14,0,0
2022-04-30,2,South,P009,Household,200,15.19,3038.0,0,0
2022-04-30,3,Central,P010,Household,204,28.15,5742.599999999999,0,0
2022-05-07,3,Central,P001,Personal Care,183,30.28,5541.24,0,0
2022-05-07,1,Central,P002,Beverages,169,37.5,6337.5,0,0
2022-05-07,5,North,P003,Snacks,192,35.33,6783.36,0,0
2022-05-07,5,North,P004,Beverages,208,42.43,8825.44,0,0
2022-05-07,2,Central,P005,Dairy,199,11.79,2346.21,0,0
2022-05-07,4,Central,P006,Snacks,226,21.86,4940.36,1,0
2022-05-07,5,South,P007,Beverages,181,21.21,3839.01,1,0
2022-05-07,2,South,P008,Personal Care,185,15.84,2930.4,0,0
2022-05-07,2,South,P009,Personal Care,203,21.57,4378.71,0,0
2022-05-07,5,South,P010,Snacks,213,22.39,4769.07,0,0
2022-05-14,2,South,P001,Dairy,184,30.88,5681.92,0,0
2022-05-14,1,North,P002,Personal Care,201,36.55,7346.549999999999,1,0
2022-05-14,1,South,P003,Personal Care,196,25.24,4947.04,0,0
2022-05-14,5,South,P004,Dairy,195,38.78,7562.1,0,0
2022-05-14,4,Central,P005,Beverages,211,23.45,4947.95,0,0
2022-05-14,1,North,P006,Personal Care,221,21.61,4775.8099999999995,0,0
2022-05-14,1,South,P007,Household,222,31.65,7026.299999999999,0,0
2022-05-14,5,South,P008,Personal Care,229,10.95,2507.5499999999997,0,0
2022-05-14,3,South,P009,Beverages,182,13.19,2400.58,0,0
2022-05-14,2,Central,P010,Beverages,201,26.72,5370.719999999999,0,0
2022-05-21,1,Central,P001,Snacks,183,47.72,8732.76,0,0
2022-05-21,3,Central,P002,Household,211,38.86,8199.46,0,0
2022-05-21,4,South,P003,Beverages,211,13.53,2854.83,0,0
2022-05-21,3,Central,P004,Dairy,215,43.85,9427.75,1,0
2022-05-21,5,South,P005,Household,181,39.29,7111.49,0,0
2022-05-21,4,North,P006,Household,183,34.44,6302.5199999999995,0,0
2022-05-21,4,South,P007,Dairy,209,42.81,8947.29,0,0
2022-05-21,3,Central,P008,Personal Care,202,26.16,5284.32,0,0
2022-05-21,5,North,P009,Dairy,203,18.86,3828.58,0,0
2022-05-21,1,South,P010,Dairy,231,30.48,7040.88,0,0
2022-05-28,3,North,P001,Personal Care,200,31.95,6390.0,0,0
2022-05-28,1,North,P002,Personal Care,203,31.53,6400.59,1,0
2022-05-28,3,North,P003,Personal Care,209,32.6,6813.400000000001,0,0
2022-05-28,1,South,P004,Personal Care,204,47.95,9781.800000000001,0,0
2022-05-28,3,Central,P005,Personal Care,227,46.09,10462.43,0,0
2022-05-28,4,South,P006,Dairy,216,45.03,9726.48,1,0
2022-05-28,2,Central,P007,Snacks,218,42.06,9169.08,0,0
2022-05-28,4,South,P008,Snacks,196,47.74,9357.04,0,0
2022-05-28,1,South,P009,Beverages,214,13.94,2983.16,0,0
2022-05-28,5,South,P010,Snacks,196,20.6,4037.6000000000004,1,0
2022-06-04,4,Central,P001,Snacks,194,29.8,5781.2,0,0
2022-06-04,2,South,P002,Dairy,198,43.86,8684.28,0,0
2022-06-04,1,North,P003,Personal Care,182,30.21,5498.22,0,0
2022-06-04,4,South,P004,Personal Care,197,39.92,7864.240000000001,0,0
2022-06-04,3,North,P005,Dairy,203,15.56,3158.6800000000003,0,0
2022-06-04,5,Central,P006,Snacks,207,20.1,4160.700000000001,1,0
2022-06-04,1,Central,P007,Dairy,183,39.27,7186.410000000001,0,0
2022-06-04,4,South,P008,Beverages,204,16.59,3384.36,0,0
2022-06-04,1,South,P009,Personal Care,187,24.05,4497.35,0,0
2022-06-04,3,South,P010,Household,186,20.59,3829.74,0,0
2022-06-11,2,North,P001,Beverages,203,23.99,4869.969999999999,0,0
2022-06-11,4,Central,P002,Beverages,198,38.33,7589.339999999999,0,0
2022-06-11,1,North,P003,Dairy,196,24.71,4843.16,0,0
2022-06-11,1,North,P004,Snacks,185,32.21,5958.85,1,0
2022-06-11,1,South,P005,Personal Care,195,14.0,2730.0,0,0
2022-06-11,2,South,P006,Household,196,42.2,8271.2,0,0
2022-06-11,1,North,P007,Beverages,209,24.8,5183.2,0,0
2022-06-11,5,North,P008,Household,188,35.94,6756.719999999999,0,0
2022-06-11,5,South,P009,Snacks,213,39.02,8311.26,0,0
2022-06-11,1,South,P010,Snacks,188,18.39,3457.32,0,0
2022-06-18,5,North,P001,Household,209,45.39,9486.51,1,0
2022-06-18,4,South,P002,Personal Care,196,34.65,6791.4,0,0
2022-06-18,5,South,P003,Snacks,191,27.15,5185.65,0,0
2022-06-18,1,North,P004,Household,176,17.29,3043.04,0,0
2022-06-18,3,North,P005,Beverages,185,47.69,8822.65,0,0
2022-06-18,4,Central,P006,Household,221,40.2,8884.2,0,0
2022-06-18,2,North,P007,Household,190,18.32,3480.8,0,0
2022-06-18,1,South,P008,Dairy,190,23.51,4466.900000000001,0,0
2022-06-18,2,North,P009,Snacks,202,42.39,8562.78,0,0
2022-06-18,3,North,P010,Personal Care,231,37.83,8738.73,0,0
2022-06-25,2,North,P001,Personal Care,218,40.63,8857.34,1,0
2022-06-25,1,Central,P002,Dairy,213,27.65,5889.45,0,0
2022-06-25,1,Central,P003,Personal Care,190,38.66,7345.4,0,0
2022-06-25,3,South,P004,Household,189,25.46,4811.9400000000005,1,0
2022-06-25,1,Central,P005,Dairy,185,18.45,3413.25,0,0
2022-06-25,3,North,P006,Beverages,223,35.31,7874.13,0,0
2022-06-25,3,Central,P007,Snacks,190,49.04,9317.6,0,0
2022-06-25,1,North,P008,Snacks,215,22.42,4820.3,0,0
2022-06-25,5,Central,P009,Snacks,182,28.44,5176.08,1,0
2022-06-25,3,Central,P010,Household,204,36.96,7539.84,0,0
2022-07-02,1,Central,P001,Beverages,185,31.66,5857.1,0,0
2022-07-02,5,North,P002,Dairy,195,43.74,8529.300000000001,0,0
2022-07-02,3,Central,P003,Dairy,184,40.47,7446.48,0,0
2022-07-02,5,North,P004,Snacks,204,12.33,2515.32,0,0
2022-07-02,4,North,P005,Beverages,191,49.94,9538.539999999999,0,0
2022-07-02,4,South,P006,Beverages,191,40.1,7659.1,0,0
2022-07-02,5,Central,P007,Beverages,207,44.56,9223.92,0,0
2022-07-02,3,South,P008,Personal Care,187,36.05,6741.349999999999,0,0
2022-07-02,1,South,P009,Personal Care,204,44.25,9027.0,0,0
2022-07-02,2,North,P010,Snacks,204,14.5,2958.0,0,0
2022-07-09,1,Central,P001,Beverages,179,23.91,4279.89,0,0
2022-07-09,2,North,P002,Beverages,200,45.06,9012.0,0,0
2022-07-09,2,North,P003,Dairy,189,18.07,3415.23,0,0
2022-07-09,3,Central,P004,Dairy,208,13.13,2731.04,0,0
2022-07-09,5,North,P005,Snacks,194,41.52,8054.880000000001,1,0
2022-07-09,1,Central,P006,Beverages,198,43.42,8597.16,0,0
2022-07-09,5,Central,P007,Snacks,219,16.51,3615.6900000000005,1,0
2022-07-09,4,North,P008,Dairy,207,44.17,9143.19,1,0
2022-07-09,3,North,P009,Dairy,189,37.47,7081.83,0,0
2022-07-09,3,South,P010,Personal Care,225,30.8,6930.0,0,0
2022-07-16,4,North,P001,Snacks,224,43.21,9679.04,0,0
2022-07-16,1,Central,P002,Snacks,191,26.77,5113.07,1,0
2022-07-16,4,South,P003,Beverages,230,17.76,4084.8,1,0
2022-07-16,1,Central,P004,Beverages,216,21.39,4620.24,1,0
2022-07-16,2,South,P005,Personal Care,188,30.21,5679.4800000000005,0,0
2022-07-16,3,North,P006,Household,208,31.25,6500.0,0,0
2022-07-16,1,North,P007,Household,173,42.22,7304.0599999999995,0,0
2022-07-16,5,North,P008,Household,213,41.65,8871.449999999999,0,0
2022-07-16,5,Central,P009,Snacks,220,33.25,7315.0,0,0
2022-07-16,3,South,P010,Snacks,201,41.23,8287.23,0,0
2022-07-23,4,Central,P001,Dairy,212,17.67,3746.0400000000004,0,0
2022-07-23,4,South,P002,Snacks,205,12.0,2460.0,1,0
2022-07-23,1,North,P003,Snacks,212,44.95,9529.400000000001,0,0
2022-07-23,4,Central,P004,Snacks,210,13.02,2734.2,0,0
2022-07-23,3,North,P005,Personal Care,194,19.87,3854.78,0,0
2022-07-23,1,Central,P006,Snacks,188,37.81,7108.280000000001,0,0
2022-07-23,2,North,P007,Beverages,195,26.38,5144.099999999999,0,0
2022-07-23,4,Central,P008,Beverages,177,45.05,7973.849999999999,1,0
2022-07-23,4,Central,P009,Dairy,230,21.92,5041.6,0,0
2022-07-23,1,South,P010,Personal Care,206,10.47,2156.82,0,0
2022-07-30,5,North,P001,Beverages,188,22.03,4141.64,0,0
2022-07-30,4,South,P002,Personal Care,186,33.12,6160.32,0,0
2022-07-30,3,South,P003,Personal Care,196,25.04,4907.84,0,0
2022-07-30,4,North,P004,Dairy,183,31.39,5744.37,0,0
2022-07-30,2,Central,P005,Personal Care,188,45.06,8471.28,0,0
2022-07-30,4,South,P006,Snacks,203,46.5,9439.5,1,0
2022-07-30,5,North,P007,Personal Care,190,20.64,3921.6,1,0
2022-07-30,4,Central,P008,Dairy,214,28.49,6096.86,0,0
2022-07-30,1,South,P009,Dairy,177,31.97,5658.69,0,0
2022-07-30,4,South,P010,Dairy,190,47.96,9112.4,0,0
2022-08-06,5,South,P001,Beverages,176,49.94,8789.439999999999,0,0
2022-08-06,1,Central,P002,Snacks,175,19.42,3398.5000000000005,0,0
2022-08-06,3,South,P003,Beverages,199,39.08,7776.92,1,0
2022-08-06,1,Central,P004,Household,194,25.12,4873.28,0,0
2022-08-06,2,South,P005,Snacks,190,10.32,1960.8,0,0
2022-08-06,1,North,P006,Personal Care,207,10.37,2146.5899999999997,1,0
2022-08-06,3,South,P007,Dairy,209,28.42,5939.780000000001,0,0
2022-08-06,4,North,P008,Household,208,29.53,6142.24,0,0
2022-08-06,1,North,P009,Snacks,184,10.9,2005.6000000000001,1,0
2022-08-06,1,North,P010,Beverages,181,37.48,6783.879999999999,0,0
2022-08-13,1,Central,P001,Dairy,184,21.76,4003.84,1,0
2022-08-13,1,North,P002,Beverages,200,32.4,6480.0,0,0
2022-08-13,3,South,P003,Snacks,205,22.04,4518.2,0,0
2022-08-13,5,Central,P004,Snacks,202,16.69,3371.38,0,0
2022-08-13,5,North,P005,Household,211,26.29,5547.19,1,0
2022-08-13,1,Central,P006,Personal Care,193,19.29,3722.97,1,0
2022-08-13,3,Central,P007,Beverages,179,31.39,5618.81,0,0
2022-08-13,3,Central,P008,Household,173,17.95,3105.35,0,0
2022-08-13,1,South,P009,Dairy,173,30.34,5248.82,0,0
2022-08-13,2,North,P010,Personal Care,205,16.3,3341.5,1,0
2022-08-20,1,Central,P001,Household,211,36.84,7773.240000000001,0,0
2022-08-20,2,Central,P002,Beverages,150,40.16,6023.999999999999,0,0
2022-08-20,1,Central,P003,Snacks,199,14.42,2869.58,0,0
2022-08-20,2,North,P004,Dairy,198,28.71,5684.58,1,0
2022-08-20,2,Central,P005,Beverages,197,12.83,2527.51,0,0
2022-08-20,1,Central,P006,Personal Care,213,33.93,7227.09,0,0
2022-08-20,2,South,P007,Personal Care,176,20.58,3622.08,0,0
2022-08-20,4,North,P008,Snacks,183,31.1,5691.3,1,0
2022-08-20,5,South,P009,Snacks,197,30.7,6047.9,0,0
2022-08-20,3,North,P010,Dairy,196,46.97,9206.119999999999,0,0
2022-08-27,2,North,P001,Dairy,187,31.96,5976.52,0,0
2022-08-27,2,North,P002,Snacks,194,33.32,6464.08,0,0
2022-08-27,3,South,P003,Snacks,242,26.07,6308.9400000000005,1,0
2022-08-27,2,South,P004,Personal Care,212,47.96,10167.52,1,0
2022-08-27,3,South,P005,Snacks,211,41.09,8669.990000000002,0,0
2022-08-27,1,South,P006,Household,205,21.42,4391.1,0,0
2022-08-27,4,Central,P007,Beverages,180,43.77,7878.6,0,0
2022-08-27,4,Central,P008,Snacks,197,27.3,5378.1,0,0
2022-08-27,5,Central,P009,Dairy,172,43.15,7421.8,0,0
2022-08-27,2,North,P010,Household,213,42.92,9141.960000000001,0,0
2022-09-03,5,Central,P001,Dairy,196,17.55,3439.8,0,0
2022-09-03,1,North,P002,Household,191,38.05,7267.549999999999,1,0
2022-09-03,4,South,P003,Snacks,212,21.63,4585.5599999999995,0,0
2022-09-03,1,North,P004,Beverages,179,21.9,3920.1,1,0
2022-09-03,1,North,P005,Dairy,183,21.85,3998.55,0,0
2022-09-03,2,Central,P006,Household,209,39.02,8155.18,0,0
2022-09-03,1,South,P007,Personal Care,193,19.19,3703.67,0,0
2022-09-03,4,South,P008,Snacks,194,10.04,1947.7599999999998,0,0
2022-09-03,5,Central,P009,Beverages,196,38.61,7567.5599999999995,0,0
2022-09-03,4,South,P010,Snacks,208,16.85,3504.8,0,0
2022-09-10,2,South,P001,Personal Care,184,14.18,2609.12,0,0
2022-09-10,4,South,P002,Beverages,209,19.5,4075.5,1,0
2022-09-10,3,Central,P003,Personal Care,169,25.2,4258.8,0,0
2022-09-10,5,South,P004,Snacks,218,29.04,6330.72,1,0
2022-09-10,3,North,P005,Household,193,11.78,2273.54,0,0
2022-09-10,3,North,P006,Snacks,221,48.82,10789.22,1,0
2022-09-10,2,South,P007,Snacks,198,38.64,7650.72,0,0
2022-09-10,1,Central,P008,Snacks,210,22.93,4815.3,0,0
2022-09-10,3,Central,P009,Dairy,189,22.75,4299.75,1,0
2022-09-10,4,Central,P010,Personal Care,193,27.94,5392.42,0,0
2022-09-17,1,South,P001,Personal Care,207,35.05,7255.349999999999,0,0
2022-09-17,4,South,P002,Personal Care,209,15.85,3312.65,1,0
2022-09-17,4,North,P003,Dairy,186,17.56,3266.16,0,0
2022-09-17,1,Central,P004,Household,198,44.38,8787.24,0,0
2022-09-17,1,North,P005,Snacks,210,20.25,4252.5,0,0
2022-09-17,4,North,P006,Household,195,25.21,4915.95,0,0
2022-09-17,2,Central,P007,Dairy,218,44.85,9777.300000000001,0,0
2022-09-17,5,South,P008,Personal Care,210,36.53,7671.3,1,0
2022-09-17,5,South,P009,Snacks,222,23.67,5254.740000000001,0,0
2022-09-17,2,North,P010,Beverages,204,37.35,7619.400000000001,0,0
2022-09-24,1,North,P001,Beverages,205,10.79,2211.95,0,0
2022-09-24,4,North,P002,Household,182,39.43,7176.26,1,0
2022-09-24,5,North,P003,Personal Care,185,29.48,5453.8,1,0
2022-09-24,4,Central,P004,Beverages,185,42.53,7868.05,0,0
2022-09-24,2,North,P005,Household,189,48.19,9107.91,0,0
2022-09-24,4,North,P006,Dairy,201,47.03,9453.03,0,0
2022-09-24,2,South,P007,Household,184,46.37,8532.08,1,0
2022-09-24,1,South,P008,Household,189,30.49,5762.61,0,0
2022-09-24,2,South,P009,Household,212,24.41,5174.92,1,0
2022-09-24,2,Central,P010,Snacks,198,28.6,5662.8,0,0
2022-10-01,5,Central,P001,Household,184,37.6,6918.400000000001,0,0
2022-10-01,4,South,P002,Household,215,45.36,9752.4,0,0
2022-10-01,5,South,P003,Snacks,205,18.28,3747.4,0,0
2022-10-01,3,North,P004,Snacks,184,46.73,8598.32,0,0
2022-10-01,2,North,P005,Dairy,207,42.61,8820.27,1,0
2022-10-01,3,Central,P006,Personal Care,214,49.15,10518.1,1,0
2022-10-01,5,Central,P007,Beverages,187,45.21,8454.27,0,0
2022-10-01,4,North,P008,Beverages,170,21.2,3604.0,1,0
2022-10-01,5,South,P009,Household,163,14.24,2321.12,0,0
2022-10-01,4,North,P010,Dairy,227,14.49,3289.23,0,0
2022-10-08,4,Central,P001,Household,164,21.65,3550.6,1,0
2022-10-08,1,Central,P002,Beverages,240,34.57,8296.8,1,0
2022-10-08,2,North,P003,Snacks,206,42.17,8687.02,0,0
2022-10-08,5,North,P004,Personal Care,201,45.97,9239.97,0,0
2022-10-08,4,North,P005,Dairy,182,34.95,6360.900000000001,0,0
2022-10-08,5,Central,P006,Snacks,209,10.23,2138.07,0,0
2022-10-08,5,South,P007,Personal Care,244,17.45,4257.8,0,0
2022-10-08,4,North,P008,Dairy,198,13.99,2770.02,0,0
2022-10-08,3,Central,P009,Dairy,208,24.53,5102.24,1,0
2022-10-08,2,Central,P010,Beverages,208,30.05,6250.400000000001,0,0
2022-10-15,2,Central,P001,Snacks,218,11.74,2559.32,0,0
2022-10-15,1,North,P002,Dairy,226,23.94,5410.4400000000005,0,0
2022-10-15,1,North,P003,Dairy,187,17.17,3210.7900000000004,0,0
2022-10-15,1,South,P004,Personal Care,206,35.88,7391.280000000001,0,0
2022-10-15,2,Central,P005,Beverages,218,28.57,6228.26,0,0
2022-10-15,3,North,P006,Household,210,29.81,6260.099999999999,0,0
2022-10-15,2,Central,P007,Beverages,193,27.11,5232.23,1,0
2022-10-15,2,Central,P008,Household,211,48.24,10178.640000000001,0,0
2022-10-15,2,South,P009,Snacks,215,18.59,3996.85,0,0
2022-10-15,2,North,P010,Snacks,194,30.67,5949.9800000000005,0,0
2022-10-22,3,North,P001,Dairy,195,39.44,7690.799999999999,0,0
2022-10-22,1,Central,P002,Snacks,195,32.27,6292.650000000001,0,0
2022-10-22,5,Central,P003,Dairy,204,47.16,9620.64,0,0
2022-10-22,1,South,P004,Beverages,198,25.12,4973.76,1,0
2022-10-22,1,South,P005,Snacks,201,28.55,5738.55,0,0
2022-10-22,5,South,P006,Beverages,193,13.54,2613.22,0,0
2022-10-22,2,South,P007,Beverages,203,34.36,6975.08,0,0
2022-10-22,3,South,P008,Snacks,212,21.53,4564.360000000001,0,0
2022-10-22,3,South,P009,Beverages,234,16.41,3839.94,0,0
2022-10-22,1,Central,P010,Snacks,221,31.78,7023.38,1,0
2022-10-29,5,South,P001,Snacks,194,31.29,6070.26,0,0
2022-10-29,4,Central,P002,Snacks,189,13.03,2462.67,0,0
2022-10-29,2,Central,P003,Household,214,37.93,8117.0199999999995,0,0
2022-10-29,1,North,P004,Beverages,204,34.95,7129.8,0,0
2022-10-29,3,Central,P005,Personal Care,196,17.56,3441.7599999999998,0,0
2022-10-29,5,Central,P006,Snacks,208,28.78,5986.24,0,0
2022-10-29,5,South,P007,Beverages,209,38.81,8111.290000000001,0,0
2022-10-29,1,Central,P008,Dairy,199,31.18,6204.82,0,0
2022-10-29,4,South,P009,Snacks,232,25.82,5990.24,1,0
2022-10-29,3,South,P010,Snacks,220,22.89,5035.8,0,0
2022-11-05,1,South,P001,Personal Care,204,34.42,7021.68,1,0
2022-11-05,4,North,P002,Household,221,47.56,10510.76,0,0
2022-11-05,5,South,P003,Household,212,36.87,7816.44,1,0
2022-11-05,2,Central,P004,Snacks,197,12.99,2559.03,0,0
2022-11-05,3,South,P005,Beverages,205,28.43,5828.15,0,0
2022-11-05,3,South,P006,Dairy,184,45.63,8395.92,1,0
2022-11-05,4,South,P007,Dairy,187,13.78,2576.8599999999997,0,0
2022-11-05,1,North,P008,Beverages,206,49.56,10209.36,0,0
2022-11-05,5,Central,P009,Snacks,188,47.96,9016.48,0,0
2022-11-05,4,North,P010,Dairy,182,13.13,2389.6600000000003,0,0
2022-11-12,2,Central,P001,Household,197,47.34,9325.980000000001,0,0
2022-11-12,2,North,P002,Beverages,179,24.53,4390.87,0,0
2022-11-12,2,Central,P003,Personal Care,190,43.79,8320.1,0,0
2022-11-12,4,North,P004,Snacks,221,26.74,5909.54,0,0
2022-11-12,5,South,P005,Beverages,188,27.63,5194.44,0,0
2022-11-12,3,North,P006,Dairy,201,35.37,7109.37,1,0
2022-11-12,1,North,P007,Snacks,188,40.98,7704.24,1,0
2022-11-12,3,South,P008,Household,206,11.35,2338.1,0,0
2022-11-12,5,South,P009,Snacks,193,33.73,6509.889999999999,1,0
2022-11-12,3,Central,P010,Snacks,207,17.47,3616.29,0,0
2022-11-19,4,Central,P001,Household,199,23.84,4744.16,0,0
2022-11-19,2,Central,P002,Household,235,23.92,5621.200000000001,0,0
2022-11-19,5,North,P003,Snacks,186,28.76,5349.360000000001,0,0
2022-11-19,5,Central,P004,Household,198,23.37,4627.26,0,0
2022-11-19,3,North,P005,Beverages,207,14.29,2958.0299999999997,1,0
2022-11-19,4,North,P006,Household,188,15.83,2976.04,0,0
2022-11-19,3,Central,P007,Household,202,11.34,2290.68,0,0
2022-11-19,3,Central,P008,Snacks,205,28.81,5906.05,0,0
2022-11-19,5,North,P009,Beverages,181,48.18,8720.58,0,0
2022-11-19,3,South,P010,Personal Care,209,14.63,3057.67,0,0
2022-11-26,2,South,P001,Personal Care,190,47.85,9091.5,0,0
2022-11-26,3,North,P002,Dairy,228,39.33,8967.24,0,0
2022-11-26,2,Central,P003,Household,196,35.5,6958.0,0,0
2022-11-26,5,North,P004,Household,201,35.81,7197.81,0,0
2022-11-26,4,North,P005,Beverages,180,43.07,7752.6,0,0
2022-11-26,2,Central,P006,Personal Care,219,14.28,3127.3199999999997,1,0
2022-11-26,4,South,P007,Dairy,213,30.19,6430.47,0,0
2022-11-26,4,North,P008,Beverages,196,37.88,7424.4800000000005,0,0
2022-11-26,2,South,P009,Household,194,33.47,6493.179999999999,0,0
2022-11-26,5,South,P010,Personal Care,215,43.31,9311.65,1,0
2022-12-03,1,Central,P001,Dairy,225,12.89,2900.25,0,0
2022-12-03,4,North,P002,Snacks,185,37.63,6961.55,0,1
2022-12-03,4,North,P003,Personal Care,194,31.36,6083.84,0,1
2022-12-03,5,South,P004,Dairy,192,25.17,4832.64,0,1
2022-12-03,5,South,P005,Beverages,206,23.61,4863.66,0,0
2022-12-03,3,Central,P006,Snacks,183,34.83,6373.889999999999,0,0
2022-12-03,5,South,P007,Dairy,171,45.64,7804.4400000000005,1,1
2022-12-03,4,Central,P008,Dairy,183,29.85,5462.55,0,1
2022-12-03,2,North,P009,Household,208,42.99,8941.92,0,0
2022-12-03,1,Central,P010,Personal Care,214,26.09,5583.26,0,0
2022-12-10,3,South,P001,Household,201,14.1,2834.1,0,0
2022-12-10,2,North,P002,Snacks,198,12.46,2467.0800000000004,0,0
2022-12-10,1,Central,P003,Dairy,215,12.05,2590.75,0,1
2022-12-10,1,North,P004,Household,197,25.21,4966.37,0,1
2022-12-10,1,Central,P005,Personal Care,211,23.49,4956.389999999999,0,1
2022-12-10,2,South,P006,Snacks,236,38.72,9137.92,0,0
2022-12-10,3,South,P007,Beverages,198,39.71,7862.58,0,0
2022-12-10,3,North,P008,Household,183,12.03,2201.49,0,0
2022-12-10,1,North,P009,Snacks,195,18.84,3673.8,0,0
2022-12-10,2,North,P010,Beverages,213,20.97,4466.61,0,0
2022-12-17,1,Central,P001,Household,189,31.9,6029.099999999999,0,0
2022-12-17,5,South,P002,Snacks,198,15.78,3124.44,0,0
2022-12-17,3,North,P003,Snacks,206,15.36,3164.16,0,0
2022-12-17,4,North,P004,Household,183,47.75,8738.25,0,0
2022-12-17,1,North,P005,Snacks,164,42.17,6915.88,0,1
2022-12-17,5,Central,P006,Dairy,174,17.23,2998.02,1,0
2022-12-17,3,North,P007,Household,194,26.26,5094.4400000000005,0,0
2022-12-17,2,North,P008,Snacks,207,24.22,5013.54,0,1
2022-12-17,3,Central,P009,Beverages,207,41.64,8619.48,0,1
2022-12-17,2,Central,P010,Beverages,191,30.41,5808.31,0,0
2022-12-24,2,North,P001,Dairy,187,15.11,2825.5699999999997,0,0
2022-12-24,1,North,P002,Household,206,39.56,8149.360000000001,0,0
2022-12-24,1,Central,P003,Snacks,213,25.88,5512.44,1,0
2022-12-24,3,South,P004,Snacks,203,20.52,4165.5599999999995,1,0
2022-12-24,5,Central,P005,Beverages,181,25.02,4528.62,1,1
2022-12-24,3,South,P006,Dairy,195,29.91,5832.45,0,0
2022-12-24,4,North,P007,Beverages,229,23.72,5431.88,0,1
2022-12-24,2,North,P008,Beverages,220,19.68,4329.6,0,0
2022-12-24,2,South,P009,Dairy,218,25.94,5654.92,1,1
2022-12-24,1,Central,P010,Household,211,10.77,2272.47,1,0
2022-12-31,5,North,P001,Snacks,212,40.9,8670.8,0,0
2022-12-31,1,South,P002,Household,165,16.84,2778.6,0,0
2022-12-31,4,Central,P003,Personal Care,215,11.76,2528.4,0,0
2022-12-31,3,South,P004,Personal Care,210,36.15,7591.5,0,0
2022-12-31,3,Central,P005,Personal Care,191,40.96,7823.360000000001,0,0
2022-12-31,5,Central,P006,Dairy,206,42.55,8765.3,0,0
2022-12-31,1,Central,P007,Beverages,178,29.74,5293.719999999999,1,1
2022-12-31,1,Central,P008,Household,202,18.21,3678.42,0,1
2022-12-31,4,South,P009,Snacks,194,39.49,7661.06,0,1
2022-12-31,3,South,P010,Personal Care,211,37.99,8015.89,0,1
2023-01-07,1,South,P001,Household,235,19.85,4664.75,0,1
2023-01-07,5,South,P002,Personal Care,192,46.14,8858.880000000001,1,0
2023-01-07,3,South,P003,Personal Care,198,14.17,2805.66,1,0
2023-01-07,4,Central,P004,Snacks,195,49.31,9615.45,0,1
2023-01-07,5,North,P005,Dairy,205,44.41,9104.05,0,1
2023-01-07,2,North,P006,Beverages,204,37.52,7654.080000000001,0,1
2023-01-07,4,South,P007,Dairy,203,47.55,9652.65,0,0
2023-01-07,5,South,P008,Household,207,38.89,8050.2300000000005,0,0
2023-01-07,1,North,P009,Dairy,200,17.62,3524.0,0,0
2023-01-07,2,Central,P010,Household,213,27.69,5897.97,0,0
2023-01-14,4,South,P001,Household,198,12.86,2546.2799999999997,0,0
2023-01-14,1,Central,P002,Beverages,177,25.59,4529.43,0,0
2023-01-14,2,North,P003,Snacks,206,39.66,8169.959999999999,0,0
2023-01-14,3,North,P004,Beverages,180,25.46,4582.8,1,0
2023-01-14,1,South,P005,Dairy,203,23.21,4711.63,0,0
2023-01-14,5,Central,P006,Household,193,33.81,6525.330000000001,0,0
2023-01-14,4,South,P007,Personal Care,190,44.89,8529.1,0,0
2023-01-14,2,North,P008,Personal Care,190,11.9,2261.0,1,0
2023-01-14,1,Central,P009,Household,186,25.42,4728.12,0,0
2023-01-14,3,South,P010,Beverages,182,16.33,2972.0599999999995,0,0
2023-01-21,4,South,P001,Snacks,197,37.81,7448.570000000001,0,1
2023-01-21,4,South,P002,Beverages,204,14.23,2902.92,0,0
2023-01-21,1,North,P003,Household,235,36.59,8598.650000000001,0,1
2023-01-21,3,South,P004,Household,190,21.45,4075.5,1,1
2023-01-21,2,Central,P005,Snacks,190,17.96,3412.4,0,0
2023-01-21,1,South,P006,Dairy,173,47.45,8208.85,0,1
2023-01-21,2,North,P007,Dairy,222,10.74,2384.28,0,0
2023-01-21,4,South,P008,Snacks,194,27.51,5336.9400000000005,0,0
2023-01-21,2,North,P009,Dairy,228,10.87,2478.3599999999997,0,1
2023-01-21,3,North,P010,Personal Care,189,29.34,5545.26,0,0
2023-01-28,5,Central,P001,Dairy,198,30.04,5947.92,0,0
2023-01-28,3,Central,P002,Dairy,180,22.87,4116.6,0,1
2023-01-28,2,South,P003,Dairy,217,15.29,3317.93,0,1
2023-01-28,1,North,P004,Personal Care,218,25.06,5463.08,0,0
2023-01-28,4,North,P005,Dairy,202,36.89,7451.78,0,0
2023-01-28,5,Central,P006,Personal Care,217,41.3,8962.099999999999,0,0
2023-01-28,1,Central,P007,Snacks,206,31.23,6433.38,0,0
2023-01-28,1,South,P008,Beverages,214,33.59,7188.260000000001,0,0
2023-01-28,3,North,P009,Snacks,186,18.02,3351.72,0,0
2023-01-28,2,Central,P010,Beverages,211,21.49,4534.389999999999,0,0
2023-02-04,3,South,P001,Snacks,219,16.48,3609.12,0,0
2023-02-04,2,North,P002,Beverages,153,19.97,3055.41,0,0
2023-02-04,3,North,P003,Beverages,201,19.0,3819.0,0,0
2023-02-04,1,Central,P004,Household,215,30.78,6617.7,0,0
2023-02-04,4,South,P005,Beverages,187,32.51,6079.37,0,0
2023-02-04,2,Central,P006,Beverages,203,47.8,9703.4,0,0
2023-02-04,5,South,P007,Household,224,17.82,3991.6800000000003,0,0
2023-02-04,5,North,P008,Dairy,213,35.67,7597.71,1,0
2023-02-04,1,South,P009,Dairy,182,42.69,7769.58,0,0
2023-02-04,3,South,P010,Household,206,32.41,6676.459999999999,0,0
2023-02-11,3,South,P001,Personal Care,176,20.2,3555.2,1,0
2023-02-11,1,South,P002,Beverages,206,20.5,4223.0,1,0
2023-02-11,5,South,P003,Beverages,184,11.57,2128.88,0,0
2023-02-11,5,Central,P004,Household,209,22.22,4643.98,0,0
2023-02-11,3,South,P005,Household,186,39.78,7399.08,1,0
2023-02-11,2,South,P006,Personal Care,209,11.9,2487.1,0,0
2023-02-11,4,North,P007,Dairy,198,18.77,3716.46,0,0
2023-02-11,2,South,P008,Snacks,193,38.25,7382.25,0,0
2023-02-11,5,North,P009,Dairy,179,41.31,7394.490000000001,0,0
2023-02-11,2,Central,P010,Beverages,198,28.21,5585.58,0,0
2023-02-18,4,Central,P001,Household,194,37.92,7356.4800000000005,0,0
2023-02-18,2,South,P002,Personal Care,205,25.52,5231.6,0,0
2023-02-18,2,Central,P003,Dairy,208,16.4,3411.2,0,0
2023-02-18,2,South,P004,Personal Care,188,25.93,4874.84,0,0
2023-02-18,2,Central,P005,Dairy,208,33.2,6905.6,0,1
2023-02-18,1,South,P006,Beverages,206,47.92,9871.52,1,0
2023-02-18,5,South,P007,Snacks,213,12.75,2715.75,0,0
2023-02-18,4,North,P008,Personal Care,207,30.3,6272.1,0,0
2023-02-18,5,North,P009,Personal Care,198,23.16,4585.68,0,0
2023-02-18,1,North,P010,Snacks,197,30.33,5975.009999999999,0,0
2023-02-25,1,North,P001,Personal Care,191,10.96,2093.36,0,0
2023-02-25,1,South,P002,Personal Care,211,22.52,4751.72,0,0
2023-02-25,1,Central,P003,Dairy,210,42.79,8985.9,1,1
2023-02-25,2,South,P004,Dairy,219,32.16,7043.039999999999,0,0
2023-02-25,5,North,P005,Snacks,178,28.02,4987.5599999999995,0,0
2023-02-25,3,North,P006,Beverages,192,21.42,4112.64,0,1
2023-02-25,4,Central,P007,Personal Care,210,21.92,4603.200000000001,1,0
2023-02-25,1,North,P008,Beverages,207,25.32,5241.24,1,1
2023-02-25,5,South,P009,Snacks,175,43.42,7598.5,0,1
2023-02-25,1,South,P010,Snacks,217,48.69,10565.73,0,0
2023-03-04,1,South,P001,Dairy,204,27.55,5620.2,0,0
2023-03-04,1,South,P002,Personal Care,223,25.73,5737.79,1,0
2023-03-04,1,South,P003,Household,219,43.86,9605.34,0,0
2023-03-04,1,Central,P004,Snacks,197,27.08,5334.759999999999,0,0
2023-03-04,4,South,P005,Personal Care,212,32.08,6800.96,1,0
2023-03-04,5,North,P006,Beverages,198,19.24,3809.5199999999995,0,0
2023-03-04,1,North,P007,Dairy,204,39.74,8106.96,0,0
2023-03-04,1,North,P008,Beverages,200,31.28,6256.0,0,0
2023-03-04,1,North,P009,Snacks,199,42.36,8429.64,1,0
2023-03-04,1,Central,P010,Snacks,204,41.23,8410.92,0,0
2023-03-11,2,North,P001,Beverages,205,18.6,3813.0000000000005,0,0
2023-03-11,2,Central,P002,Snacks,194,38.63,7494.22,0,0
2023-03-11,3,North,P003,Personal Care,182,42.0,7644.0,1,0
2023-03-11,1,Central,P004,Snacks,193,23.84,4601.12,0,0
2023-03-11,3,Central,P005,Dairy,204,16.9,3447.6,0,0
2023-03-11,4,Central,P006,Personal Care,201,10.11,2032.11,0,0
2023-03-11,3,North,P007,Household,187,28.04,5243.48,0,0
2023-03-11,5,Central,P008,Snacks,193,24.1,4651.3,0,0
2023-03-11,2,South,P009,Snacks,200,32.2,6440.000000000001,1,0
2023-03-11,2,South,P010,Dairy,196,17.52,3433.92,0,0
2023-03-18,1,North,P001,Dairy,180,44.39,7990.2,0,0
2023-03-18,1,South,P002,Beverages,219,20.31,4447.889999999999,0,0
2023-03-18,4,South,P003,Beverages,190,19.06,3621.3999999999996,0,0
2023-03-18,4,South,P004,Beverages,196,29.23,5729.08,0,0
2023-03-18,5,North,P005,Dairy,204,29.95,6109.8,1,0
2023-03-18,1,North,P006,Beverages,168,18.6,3124.8,0,0
2023-03-18,1,South,P007,Beverages,204,20.87,4257.4800000000005,0,0
2023-03-18,4,North,P008,Household,195,16.79,3274.0499999999997,0,0
2023-03-18,4,Central,P009,Beverages,181,38.74,7011.9400000000005,0,0
2023-03-18,4,South,P010,Snacks,174,40.8,7099.2,0,0
2023-03-25,2,North,P001,Dairy,229,28.49,6524.21,0,0
2023-03-25,3,North,P002,Personal Care,194,38.56,7480.64,0,0
2023-03-25,3,South,P003,Household,206,39.44,8124.639999999999,0,0
2023-03-25,1,North,P004,Dairy,219,15.53,3401.0699999999997,0,0
2023-03-25,2,South,P005,Dairy,222,48.65,10800.3,0,0
2023-03-25,4,North,P006,Snacks,182,42.84,7796.880000000001,0,0
2023-03-25,1,Central,P007,Beverages,191,18.18,3472.38,0,0
2023-03-25,2,South,P008,Snacks,165,17.45,2879.25,0,0
2023-03-25,5,Central,P009,Beverages,193,15.03,2900.79,0,0
2023-03-25,2,South,P010,Beverages,216,15.54,3356.64,0,0
2023-04-01,1,North,P001,Dairy,207,39.93,8265.51,0,0
2023-04-01,3,Central,P002,Beverages,213,28.79,6132.2699999999995,0,0
2023-04-01,4,North,P003,Household,215,41.32,8883.8,1,0
2023-04-01,5,South,P004,Household,197,39.85,7850.450000000001,0,0
2023-04-01,2,South,P005,Household,195,34.18,6665.1,0,0
2023-04-01,1,South,P006,Dairy,208,37.45,7789.6,0,0
2023-04-01,1,South,P007,Snacks,197,10.73,2113.81,1,0
2023-04-01,4,South,P008,Personal Care,194,22.47,4359.179999999999,0,0
2023-04-01,1,Central,P009,Beverages,206,35.51,7315.0599999999995,0,0
2023-04-01,1,South,P010,Personal Care,174,10.37,1804.3799999999999,0,0
2023-04-08,4,North,P001,Snacks,207,11.32,2343.2400000000002,0,0
2023-04-08,5,Central,P002,Snacks,198,44.08,8727.84,0,0
2023-04-08,3,North,P003,Dairy,199,37.36,7434.64,0,0
2023-04-08,3,South,P004,Household,239,20.61,4925.79,0,0
2023-04-08,2,North,P005,Household,184,37.52,6903.68,0,0
2023-04-08,5,Central,P006,Snacks,198,41.7,8256.6,1,0
2023-04-08,2,Central,P007,Dairy,192,22.27,4275.84,0,0
2023-04-08,3,Central,P008,Dairy,195,11.44,2230.7999999999997,0,0
2023-04-08,4,North,P009,Beverages,202,47.31,9556.62,0,0
2023-04-08,1,Central,P010,Household,202,23.81,4809.62,1,0
2023-04-15,3,North,P001,Snacks,198,14.26,2823.48,0,0
2023-04-15,5,South,P002,Personal Care,186,29.67,5518.62,0,0
2023-04-15,3,South,P003,Household,202,40.74,8229.48,0,0
2023-04-15,5,North,P004,Beverages,182,18.87,3434.34,0,0
2023-04-15,5,Central,P005,Dairy,199,20.78,4135.22,1,0
2023-04-15,5,North,P006,Snacks,219,19.71,4316.49,0,0
2023-04-15,2,North,P007,Household,205,49.67,10182.35,0,0
2023-04-15,4,North,P008,Personal Care,202,17.9,3615.7999999999997,1,0
2023-04-15,3,South,P009,Beverages,223,33.02,7363.460000000001,0,0
2023-04-15,4,North,P010,Beverages,218,47.01,10248.18,0,0
2023-04-22,1,South,P001,Household,181,15.88,2874.28,0,0
2023-04-22,3,North,P002,Personal Care,183,48.83,8935.89,1,0
2023-04-22,4,South,P003,Beverages,199,47.9,9532.1,0,0
2023-04-22,4,North,P004,Snacks,195,45.38,8849.1,0,0
2023-04-22,1,North,P005,Beverages,211,18.58,3920.3799999999997,0,0
2023-04-22,5,Central,P006,Personal Care,200,35.36,7072.0,1,0
2023-04-22,3,Central,P007,Dairy,215,40.44,8694.6,0,0
2023-04-22,3,North,P008,Dairy,234,49.44,11568.96,0,0
2023-04-22,1,North,P009,Household,217,17.22,3736.74,1,0
2023-04-22,5,North,P010,Personal Care,221,40.64,8981.44,1,0
2023-04-29,3,North,P001,Beverages,198,23.55,4662.900000000001,0,0
2023-04-29,3,Central,P002,Beverages,225,17.03,3831.7500000000005,0,0
2023-04-29,3,South,P003,Dairy,208,26.86,5586.88,0,0
2023-04-29,5,North,P004,Dairy,182,41.75,7598.5,0,0
2023-04-29,1,Central,P005,Snacks,214,28.59,6118.26,0,0
2023-04-29,3,North,P006,Dairy,235,31.5,7402.5,1,0
2023-04-29,4,North,P007,Snacks,207,49.81,10310.67,0,0
2023-04-29,5,South,P008,Beverages,216,25.96,5607.360000000001,0,0
2023-04-29,2,North,P009,Snacks,211,34.62,7304.82,0,0
2023-04-29,1,North,P010,Snacks,212,24.61,5217.32,0,0
2023-05-06,4,South,P001,Household,177,25.71,4550.67,0,0
2023-05-06,3,South,P002,Dairy,196,37.83,7414.679999999999,0,0
2023-05-06,2,South,P003,Snacks,194,47.52,9218.880000000001,1,0
2023-05-06,1,South,P004,Beverages,231,31.69,7320.39,1,0
2023-05-06,5,Central,P005,Personal Care,201,40.74,8188.740000000001,0,0
2023-05-06,2,Central,P006,Snacks,200,13.57,2714.0,0,0
2023-05-06,2,Central,P007,Dairy,168,18.45,3099.6,0,0
2023-05-06,4,North,P008,Household,191,30.09,5747.19,0,0
2023-05-06,1,South,P009,Beverages,196,10.8,2116.8,0,0
2023-05-06,4,South,P010,Household,199,20.11,4001.89,0,0
2023-05-13,4,Central,P001,Personal Care,194,30.7,5955.8,0,0
2023-05-13,3,North,P002,Snacks,220,10.6,2332.0,0,0
2023-05-13,5,North,P003,Snacks,203,20.58,4177.74,0,0
2023-05-13,2,North,P004,Dairy,208,30.56,6356.48,0,0
2023-05-13,1,Central,P005,Snacks,215,32.93,7079.95,0,0
2023-05-13,5,North,P006,Beverages,201,47.03,9453.03,0,0
2023-05-13,5,North,P007,Personal Care,190,35.81,6803.900000000001,0,0
2023-05-13,1,North,P008,Household,182,26.59,4839.38,0,0
2023-05-13,5,South,P009,Personal Care,211,47.21,9961.31,0,0
2023-05-13,3,Central,P010,Snacks,200,41.4,8280.0,0,0
2023-05-20,5,South,P001,Household,209,18.0,3762.0,1,0
2023-05-20,3,South,P002,Dairy,210,15.23,3198.3,0,0
2023-05-20,2,Central,P003,Personal Care,194,37.03,7183.820000000001,1,0
2023-05-20,2,South,P004,Household,192,32.4,6220.799999999999,1,0
2023-05-20,4,North,P005,Household,197,41.59,8193.230000000001,0,0
2023-05-20,3,North,P006,Household,239,39.55,9452.449999999999,0,0
2023-05-20,2,North,P007,Beverages,200,35.01,7002.0,0,0
2023-05-20,5,North,P008,Personal Care,209,49.46,10337.14,0,0
2023-05-20,1,Central,P009,Household,209,31.34,6550.06,1,0
2023-05-20,1,South,P010,Personal Care,209,14.52,3034.68,0,0
2023-05-27,3,South,P001,Household,212,43.13,9143.560000000001,0,0
2023-05-27,4,North,P002,Dairy,194,20.07,3893.58,0,0
2023-05-27,5,North,P003,Dairy,197,41.09,8094.7300000000005,0,0
2023-05-27,3,South,P004,Dairy,195,48.28,9414.6,0,0
2023-05-27,1,Central,P005,Snacks,212,37.87,8028.44,1,0
2023-05-27,3,South,P006,Household,217,33.84,7343.280000000001,0,0
2023-05-27,5,North,P007,Snacks,199,28.42,5655.58,0,0
2023-05-27,2,North,P008,Personal Care,207,24.58,5088.0599999999995,0,0
2023-05-27,5,Central,P009,Snacks,182,24.12,4389.84,0,0
2023-05-27,2,South,P010,Personal Care,192,35.45,6806.400000000001,0,0
2023-06-03,2,Central,P001,Personal Care,209,40.05,8370.449999999999,1,0
2023-06-03,2,Central,P002,Personal Care,191,37.14,7093.74,0,0
2023-06-03,3,North,P003,Snacks,180,17.94,3229.2000000000003,0,0
2023-06-03,1,South,P004,Household,216,29.76,6428.160000000001,0,0
2023-06-03,3,North,P005,Snacks,193,41.67,8042.31,0,0
2023-06-03,1,South,P006,Household,196,29.03,5689.88,0,0
2023-06-03,5,North,P007,Household,201,31.46,6323.46,0,0
2023-06-03,4,North,P008,Personal Care,198,40.85,8088.3,0,0
2023-06-03,5,South,P009,Snacks,207,36.45,7545.150000000001,0,0
2023-06-03,3,South,P010,Household,212,26.37,5590.4400000000005,1,0
2023-06-10,3,North,P001,Dairy,181,45.82,8293.42,0,0
2023-06-10,1,South,P002,Household,214,16.5,3531.0,0,0
2023-06-10,3,North,P003,Dairy,212,49.82,10561.84,0,0
2023-06-10,2,South,P004,Snacks,195,14.75,2876.25,0,0
2023-06-10,3,North,P005,Snacks,217,10.6,2300.2,1,0
2023-06-10,1,North,P006,Snacks,213,45.6,9712.800000000001,0,0
2023-06-10,1,North,P007,Household,196,19.8,3880.8,0,0
2023-06-10,2,Central,P008,Beverages,188,39.19,7367.719999999999,0,0
2023-06-10,1,South,P009,Household,211,42.44,8954.84,0,0
2023-06-10,4,North,P010,Household,202,44.36,8960.72,0,0
2023-06-17,5,Central,P001,Personal Care,194,49.66,9634.039999999999,0,0
2023-06-17,3,North,P002,Personal Care,182,21.76,3960.32,0,0
2023-06-17,4,Central,P003,Household,203,38.41,7797.23,1,0
2023-06-17,3,North,P004,Dairy,206,14.62,3011.72,0,0
2023-06-17,4,North,P005,Personal Care,190,26.27,4991.3,1,0
2023-06-17,3,Central,P006,Household,191,43.92,8388.720000000001,1,0
2023-06-17,2,Central,P007,Beverages,209,24.71,5164.39,0,0
2023-06-17,1,South,P008,Dairy,198,33.64,6660.72,1,0
2023-06-17,1,South,P009,Snacks,201,30.15,6060.15,0,0
2023-06-17,2,Central,P010,Household,207,35.84,7418.880000000001,0,0
2023-06-24,4,South,P001,Household,214,48.92,10468.880000000001,0,0
2023-06-24,5,Central,P002,Dairy,197,12.23,2409.31,0,0
2023-06-24,4,South,P003,Personal Care,198,32.96,6526.08,0,0
2023-06-24,1,North,P004,Personal Care,213,44.52,9482.76,0,0
2023-06-24,5,South,P005,Personal Care,237,29.26,6934.620000000001,1,0
2023-06-24,3,North,P006,Snacks,190,13.14,2496.6,0,0
2023-06-24,5,North,P007,Dairy,174,32.42,5641.08,1,0
2023-06-24,4,South,P008,Dairy,186,23.28,4330.08,1,0
2023-06-24,2,Central,P009,Personal Care,201,16.2,3256.2,0,0
2023-06-24,3,North,P010,Personal Care,184,43.96,8088.64,0,0
2023-07-01,4,North,P001,Beverages,189,30.86,5832.54,0,0
2023-07-01,3,South,P002,Beverages,184,47.33,8708.72,0,0
2023-07-01,5,Central,P003,Household,200,42.24,8448.0,0,0
2023-07-01,1,Central,P004,Household,194,37.72,7317.679999999999,0,0
2023-07-01,4,South,P005,Dairy,205,10.2,2091.0,0,0
2023-07-01,2,Central,P006,Dairy,217,27.11,5882.87,0,0
2023-07-01,5,South,P007,Snacks,197,17.9,3526.2999999999997,0,0
2023-07-01,4,South,P008,Snacks,207,46.43,9611.01,0,0
2023-07-01,2,South,P009,Beverages,196,16.98,3328.08,1,0
2023-07-01,4,North,P010,Household,195,21.44,4180.8,0,0
2023-07-08,5,North,P001,Beverages,203,30.67,6226.01,0,0
2023-07-08,4,North,P002,Beverages,189,20.53,3880.17,0,0
2023-07-08,3,South,P003,Household,206,18.39,3788.34,0,0
2023-07-08,5,North,P004,Snacks,224,33.96,7607.04,0,0
2023-07-08,4,North,P005,Household,188,13.56,2549.28,0,0
2023-07-08,1,North,P006,Personal Care,185,12.33,2281.05,0,0
2023-07-08,4,South,P007,Personal Care,232,24.89,5774.4800000000005,0,0
2023-07-08,3,South,P008,Personal Care,203,38.83,7882.49,0,0
2023-07-08,2,South,P009,Dairy,191,32.19,6148.29,1,0
2023-07-08,2,North,P010,Snacks,197,26.92,5303.240000000001,0,0
2023-07-15,2,Central,P001,Snacks,200,32.63,6526.000000000001,0,0
2023-07-15,1,North,P002,Dairy,186,24.62,4579.320000000001,1,0
2023-07-15,3,North,P003,Beverages,187,47.45,8873.15,0,0
2023-07-15,5,South,P004,Personal Care,229,12.2,2793.7999999999997,0,0
2023-07-15,2,South,P005,Personal Care,214,36.94,7905.16,0,0
2023-07-15,3,North,P006,Beverages,208,45.65,9495.199999999999,0,0
2023-07-15,4,North,P007,Household,183,42.16,7715.28,0,0
2023-07-15,1,Central,P008,Household,191,17.36,3315.7599999999998,0,0
2023-07-15,3,Central,P009,Snacks,181,21.84,3953.04,0,0
2023-07-15,3,South,P010,Dairy,197,38.68,7619.96,0,0
2023-07-22,5,Central,P001,Snacks,192,13.37,2567.04,0,0
2023-07-22,3,Central,P002,Household,241,42.47,10235.27,0,0
2023-07-22,5,South,P003,Beverages,210,38.76,8139.599999999999,0,0
2023-07-22,1,Central,P004,Snacks,192,39.18,7522.5599999999995,0,0
2023-07-22,1,North,P005,Personal Care,215,14.01,3012.15,0,0
2023-07-22,4,Central,P006,Personal Care,222,38.71,8593.62,1,0
2023-07-22,5,South,P007,Beverages,211,37.19,7847.089999999999,0,0
2023-07-22,5,North,P008,Household,207,43.24,8950.68,0,0
2023-07-22,2,Central,P009,Personal Care,209,11.66,2436.94,0,0
2023-07-22,2,North,P010,Personal Care,203,10.92,2216.7599999999998,0,0
2023-07-29,4,North,P001,Dairy,190,24.92,4734.8,0,0
2023-07-29,1,Central,P002,Snacks,209,15.95,3333.5499999999997,0,0
2023-07-29,2,Central,P003,Household,200,32.34,6468.000000000001,0,0
2023-07-29,3,South,P004,Snacks,227,46.69,10598.63,0,0
2023-07-29,1,South,P005,Household,209,25.66,5362.94,1,0
2023-07-29,3,North,P006,Personal Care,208,43.8,9110.4,1,0
2023-07-29,5,South,P007,Dairy,190,10.01,1901.8999999999999,0,0
2023-07-29,1,North,P008,Snacks,193,16.74,3230.8199999999997,1,0
2023-07-29,4,North,P009,Personal Care,217,11.22,2434.7400000000002,0,0
2023-07-29,5,South,P010,Household,202,23.13,4672.26,0,0
2023-08-05,5,South,P001,Snacks,195,46.33,9034.35,0,0
2023-08-05,3,South,P002,Snacks,210,13.88,2914.8,0,0
2023-08-05,5,Central,P003,Personal Care,216,34.26,7400.16,0,0
2023-08-05,2,North,P004,Snacks,188,28.06,5275.28,1,0
2023-08-05,1,North,P005,Dairy,202,47.54,9603.08,0,0
2023-08-05,2,North,P006,Dairy,200,14.9,2980.0,1,0
2023-08-05,3,South,P007,Personal Care,185,18.48,3418.8,0,0
2023-08-05,3,South,P008,Household,196,11.18,2191.2799999999997,1,0
2023-08-05,1,South,P009,Personal Care,184,27.36,5034.24,0,0
2023-08-05,5,South,P010,Dairy,218,21.11,4601.98,0,0
2023-08-12,4,South,P001,Beverages,189,44.8,8467.199999999999,0,0
2023-08-12,3,Central,P002,Beverages,169,34.2,5779.8,0,0
2023-08-12,1,South,P003,Snacks,192,34.56,6635.52,0,0
2023-08-12,4,North,P004,Snacks,193,31.28,6037.04,0,0
2023-08-12,5,South,P005,Beverages,173,13.67,2364.91,0,0
2023-08-12,3,North,P006,Dairy,197,27.8,5476.6,0,0
2023-08-12,1,South,P007,Snacks,170,49.98,8496.6,1,0
2023-08-12,1,South,P008,Personal Care,206,43.41,8942.46,0,0
2023-08-12,1,North,P009,Personal Care,186,45.74,8507.640000000001,0,0
2023-08-12,3,North,P010,Dairy,179,42.93,7684.47,0,0
2023-08-19,4,North,P001,Snacks,197,14.12,2781.64,0,0
2023-08-19,1,North,P002,Personal Care,201,19.1,3839.1000000000004,1,0
2023-08-19,5,Central,P003,Snacks,180,10.12,1821.6,0,0
2023-08-19,1,North,P004,Snacks,209,22.14,4627.26,0,0
2023-08-19,4,South,P005,Personal Care,196,14.34,2810.64,0,0
2023-08-19,3,South,P006,Beverages,199,28.91,5753.09,0,0
2023-08-19,1,Central,P007,Personal Care,204,37.09,7566.360000000001,0,0
2023-08-19,1,North,P008,Dairy,232,44.98,10435.359999999999,0,0
2023-08-19,5,South,P009,Household,204,39.97,8153.88,0,0
2023-08-19,5,Central,P010,Personal Care,190,47.54,9032.6,1,0
2023-08-26,1,South,P001,Snacks,189,12.16,2298.2400000000002,0,0
2023-08-26,1,Central,P002,Snacks,204,10.49,2139.96,0,0
2023-08-26,5,Central,P003,Personal Care,204,36.45,7435.8,1,0
2023-08-26,4,North,P004,Household,179,21.57,3861.03,1,0
2023-08-26,2,Central,P005,Personal Care,210,20.14,4229.400000000001,0,0
2023-08-26,2,South,P006,Household,204,23.24,4740.96,0,0
2023-08-26,1,South,P007,Household,196,20.79,4074.8399999999997,0,0
2023-08-26,5,North,P008,Dairy,189,30.46,5756.9400000000005,1,0
2023-08-26,3,North,P009,Snacks,196,27.61,5411.5599999999995,0,0
2023-08-26,3,Central,P010,Snacks,179,30.5,5459.5,0,0
2023-09-02,2,North,P001,Household,177,36.91,6533.07,1,0
2023-09-02,4,South,P002,Snacks,197,25.49,5021.53,0,0
2023-09-02,2,South,P003,Beverages,210,20.05,4210.5,0,0
2023-09-02,1,North,P004,Household,205,16.65,3413.2499999999995,0,0
2023-09-02,4,North,P005,Snacks,209,23.98,5011.82,0,0
2023-09-02,3,North,P006,Beverages,219,39.67,8687.73,0,0
2023-09-02,5,Central,P007,Dairy,189,40.27,7611.030000000001,0,0
2023-09-02,5,Central,P008,Snacks,189,36.68,6932.5199999999995,0,0
2023-09-02,1,South,P009,Beverages,210,19.36,4065.6,0,0
2023-09-02,2,Central,P010,Personal Care,176,33.52,5899.52,1,0
2023-09-09,1,Central,P001,Personal Care,214,32.83,7025.62,1,0
2023-09-09,5,Central,P002,Beverages,202,29.37,5932.74,0,0
2023-09-09,3,Central,P003,Household,210,32.0,6720.0,0,0
2023-09-09,5,South,P004,Household,173,29.67,5132.91,1,0
2023-09-09,4,North,P005,Snacks,203,32.62,6621.86,0,0
2023-09-09,5,South,P006,Personal Care,194,38.62,7492.28,0,0
2023-09-09,5,Central,P007,Household,213,14.39,3065.07,0,0
2023-09-09,4,North,P008,Household,189,39.99,7558.110000000001,0,0
2023-09-09,2,North,P009,Personal Care,198,15.44,3057.12,1,0
2023-09-09,5,North,P010,Dairy,191,12.67,2419.97,0,0
2023-09-16,1,South,P001,Household,191,49.04,9366.64,0,0
2023-09-16,5,North,P002,Beverages,200,48.28,9656.0,0,0
2023-09-16,1,South,P003,Snacks,212,12.42,2633.04,0,0
2023-09-16,4,South,P004,Household,190,27.73,5268.7,0,0
2023-09-16,5,Central,P005,Household,174,17.45,3036.2999999999997,0,0
2023-09-16,4,Central,P006,Dairy,219,29.41,6440.79,0,0
2023-09-16,4,North,P007,Beverages,180,43.21,7777.8,0,0
2023-09-16,2,North,P008,Snacks,189,48.02,9075.78,0,0
2023-09-16,5,Central,P009,Household,194,35.37,6861.78,1,0
2023-09-16,1,South,P010,Snacks,213,24.16,5146.08,1,0
2023-09-23,1,South,P001,Personal Care,233,34.13,7952.290000000001,0,0
2023-09-23,5,Central,P002,Household,200,22.48,4496.0,1,0
2023-09-23,2,South,P003,Household,179,46.39,8303.81,0,0
2023-09-23,2,Central,P004,Personal Care,200,44.82,8964.0,1,0
2023-09-23,2,Central,P005,Dairy,207,32.33,6692.3099999999995,1,0
2023-09-23,1,North,P006,Household,211,22.99,4850.889999999999,0,0
2023-09-23,4,North,P007,Snacks,184,21.74,4000.16,0,0
2023-09-23,2,Central,P008,Beverages,208,11.34,2358.72,0,0
2023-09-23,1,North,P009,Snacks,184,42.63,7843.92,0,0
2023-09-23,1,Central,P010,Dairy,210,28.02,5884.2,0,0
2023-09-30,4,South,P001,Beverages,176,23.01,4049.76,0,0
2023-09-30,5,South,P002,Snacks,220,28.84,6344.8,0,0
2023-09-30,5,South,P003,Snacks,179,42.75,7652.25,0,0
2023-09-30,2,South,P004,Personal Care,204,14.98,3055.92,0,0
2023-09-30,2,Central,P005,Dairy,195,44.31,8640.45,0,0
2023-09-30,4,South,P006,Personal Care,202,45.9,9271.8,0,0
2023-09-30,2,South,P007,Beverages,202,47.87,9669.74,0,0
2023-09-30,4,South,P008,Personal Care,185,25.9,4791.5,0,0
2023-09-30,1,South,P009,Dairy,218,18.69,4074.42,0,0
2023-09-30,2,Central,P010,Household,180,24.95,4491.0,0,0
2023-10-07,1,South,P001,Household,193,23.32,4500.76,0,0
2023-10-07,3,North,P002,Beverages,187,17.05,3188.35,1,0
2023-10-07,4,North,P003,Household,187,34.29,6412.23,0,0
2023-10-07,3,North,P004,Personal Care,173,29.06,5027.38,0,0
2023-10-07,2,North,P005,Beverages,205,44.63,9149.15,0,0
2023-10-07,1,North,P006,Dairy,201,11.28,2267.2799999999997,1,0
2023-10-07,2,North,P007,Beverages,216,35.75,7722.0,0,0
2023-10-07,3,Central,P008,Beverages,213,40.52,8630.76,0,0
2023-10-07,2,North,P009,Snacks,217,40.38,8762.460000000001,0,0
2023-10-07,5,South,P010,Snacks,175,45.44,7952.0,1,0
2023-10-14,3,North,P001,Beverages,222,39.16,8693.519999999999,0,0
2023-10-14,2,Central,P002,Household,219,47.11,10317.09,0,0
2023-10-14,1,North,P003,Snacks,242,23.31,5641.0199999999995,0,0
2023-10-14,2,South,P004,Dairy,174,30.13,5242.62,1,0
2023-10-14,1,South,P005,Personal Care,202,10.56,2133.12,0,0
2023-10-14,5,Central,P006,Snacks,194,10.28,1994.32,0,0
2023-10-14,2,Central,P007,Beverages,195,19.61,3823.95,0,0
2023-10-14,5,Central,P008,Household,206,14.03,2890.18,0,0
2023-10-14,3,Central,P009,Personal Care,187,20.41,3816.67,0,0
2023-10-14,1,North,P010,Snacks,212,17.08,3620.9599999999996,0,0
2023-10-21,3,North,P001,Household,212,11.14,2361.6800000000003,0,0
2023-10-21,1,South,P002,Household,211,46.37,9784.07,0,0
2023-10-21,5,Central,P003,Household,182,10.33,1880.06,0,0
2023-10-21,4,Central,P004,Beverages,210,39.44,8282.4,0,0
2023-10-21,2,North,P005,Dairy,220,16.09,3539.8,1,0
2023-10-21,5,Central,P006,Household,211,46.49,9809.390000000001,0,0
2023-10-21,1,South,P007,Personal Care,220,45.71,10056.2,0,0
2023-10-21,1,South,P008,Snacks,184,36.16,6653.44,0,0
2023-10-21,1,Central,P009,Personal Care,190,36.89,7009.1,0,0
2023-10-21,1,South,P010,Beverages,189,10.21,1929.69,0,0
2023-10-28,2,South,P001,Beverages,222,49.39,10964.58,0,0
2023-10-28,3,North,P002,Personal Care,175,45.11,7894.25,0,0
2023-10-28,4,South,P003,Dairy,215,45.8,9847.0,0,0
2023-10-28,2,Central,P004,Beverages,190,36.37,6910.299999999999,0,0
2023-10-28,1,Central,P005,Beverages,228,23.79,5424.12,0,0
2023-10-28,2,South,P006,Personal Care,190,45.75,8692.5,0,0
2023-10-28,5,Central,P007,Beverages,187,21.66,4050.42,0,0
2023-10-28,1,North,P008,Dairy,207,32.51,6729.57,0,0
2023-10-28,4,South,P009,Dairy,211,13.99,2951.89,0,0
2023-10-28,1,South,P010,Dairy,208,46.88,9751.04,0,0
2023-11-04,4,South,P001,Snacks,189,15.63,2954.07,0,0
2023-11-04,4,Central,P002,Dairy,207,19.0,3933.0,1,0
2023-11-04,3,Central,P003,Dairy,220,32.33,7112.599999999999,1,0
2023-11-04,3,South,P004,Snacks,216,40.56,8760.960000000001,0,0
2023-11-04,2,Central,P005,Household,173,34.77,6015.210000000001,1,0
2023-11-04,2,Central,P006,Beverages,193,19.29,3722.97,1,0
2023-11-04,4,South,P007,Dairy,189,10.04,1897.56,0,0
2023-11-04,1,South,P008,Beverages,182,40.29,7332.78,0,0
2023-11-04,5,Central,P009,Personal Care,213,49.41,10524.33,0,0
2023-11-04,5,South,P010,Beverages,206,42.4,8734.4,0,0
2023-11-11,1,South,P001,Snacks,212,28.41,6022.92,0,0
2023-11-11,1,South,P002,Beverages,205,46.15,9460.75,0,0
2023-11-11,3,South,P003,Beverages,218,26.39,5753.02,0,0
2023-11-11,5,Central,P004,Beverages,198,31.0,6138.0,0,0
2023-11-11,4,South,P005,Household,188,29.09,5468.92,1,0
2023-11-11,2,North,P006,Household,226,27.9,6305.4,0,0
2023-11-11,3,South,P007,Personal Care,214,41.01,8776.14,0,0
2023-11-11,5,North,P008,Snacks,169,31.07,5250.83,0,0
2023-11-11,1,South,P009,Beverages,207,22.67,4692.6900000000005,1,0
2023-11-11,5,North,P010,Beverages,184,20.33,3740.72,0,0
2023-11-18,4,North,P001,Beverages,208,11.51,2394.08,0,0
2023-11-18,3,South,P002,Beverages,184,33.33,6132.719999999999,0,0
2023-11-18,1,South,P003,Household,185,19.2,3552.0,0,0
2023-11-18,4,South,P004,Personal Care,207,15.93,3297.5099999999998,0,0
2023-11-18,2,North,P005,Dairy,204,36.15,7374.599999999999,1,0
2023-11-18,3,Central,P006,Snacks,201,37.25,7487.25,0,0
2023-11-18,4,Central,P007,Beverages,183,40.09,7336.47,0,0
2023-11-18,4,South,P008,Personal Care,225,30.14,6781.5,0,0
2023-11-18,1,Central,P009,Dairy,194,45.76,8877.44,0,0
2023-11-18,2,Central,P010,Personal Care,197,47.45,9347.650000000001,0,0
2023-11-25,4,South,P001,Household,219,42.29,9261.51,0,0
2023-11-25,3,North,P002,Dairy,187,35.42,6623.54,1,0
2023-11-25,4,South,P003,Personal Care,186,22.15,4119.9,0,0
2023-11-25,5,Central,P004,Household,199,49.32,9814.68,0,0
2023-11-25,3,North,P005,Personal Care,193,20.97,4047.2099999999996,1,0
2023-11-25,3,Central,P006,Personal Care,228,18.11,4129.08,0,0
2023-11-25,4,North,P007,Dairy,174,27.69,4818.06,0,0
2023-11-25,1,Central,P008,Household,199,12.27,2441.73,0,0
2023-11-25,3,South,P009,Beverages,184,49.14,9041.76,1,0
2023-11-25,5,Central,P010,Snacks,197,33.54,6607.38,0,0
2023-12-02,1,Central,P001,Dairy,193,32.28,6230.04,0,1
2023-12-02,1,North,P002,Household,189,36.23,6847.469999999999,0,1
2023-12-02,1,Central,P003,Personal Care,187,29.88,5587.5599999999995,0,0
2023-12-02,3,South,P004,Household,218,11.28,2459.04,0,0
2023-12-02,1,South,P005,Snacks,192,34.49,6622.08,1,1
2023-12-02,4,South,P006,Snacks,203,38.65,7845.95,0,0
2023-12-02,1,North,P007,Beverages,190,26.67,5067.3,0,0
2023-12-02,5,North,P008,Beverages,192,40.29,7735.68,0,0
2023-12-02,2,Central,P009,Snacks,198,19.08,3777.8399999999997,0,0
2023-12-02,5,Central,P010,Dairy,212,18.85,3996.2000000000003,0,0
2023-12-09,3,Central,P001,Dairy,220,16.46,3621.2000000000003,0,0
2023-12-09,1,North,P002,Personal Care,210,24.88,5224.8,0,0
2023-12-09,1,North,P003,Beverages,194,43.88,8512.720000000001,0,0
2023-12-09,4,Central,P004,Personal Care,198,43.12,8537.76,0,1
2023-12-09,1,North,P005,Beverages,232,25.31,5871.92,0,0
2023-12-09,5,North,P006,Snacks,200,33.56,6712.0,0,0
2023-12-09,3,South,P007,Dairy,195,38.83,7571.849999999999,0,0
2023-12-09,2,South,P008,Dairy,185,19.65,3635.2499999999995,0,1
2023-12-09,1,Central,P009,Snacks,215,16.73,3596.9500000000003,1,0
2023-12-09,2,Central,P010,Personal Care,203,48.88,9922.640000000001,0,0
2023-12-16,1,South,P001,Personal Care,194,34.7,6731.8,0,0
2023-12-16,3,North,P002,Household,213,49.26,10492.38,0,1
2023-12-16,5,Central,P003,Beverages,187,23.51,4396.37,0,1
2023-12-16,3,Central,P004,Personal Care,213,38.12,8119.5599999999995,0,1
2023-12-16,2,Central,P005,Snacks,198,18.9,3742.2,0,0
2023-12-16,1,North,P006,Personal Care,224,20.45,4580.8,0,1
2023-12-16,2,South,P007,Dairy,199,30.48,6065.52,0,1
2023-12-16,5,Central,P008,Beverages,199,22.78,4533.22,0,0
2023-12-16,3,South,P009,Household,212,16.7,3540.3999999999996,1,1
2023-12-16,2,South,P010,Beverages,193,20.52,3960.36,0,0
2023-12-23,2,North,P001,Dairy,200,11.43,2286.0,0,1
2023-12-23,5,North,P002,Dairy,202,38.18,7712.36,1,1
2023-12-23,1,North,P003,Dairy,188,29.68,5579.84,0,1
2023-12-23,2,North,P004,Dairy,204,13.77,2809.08,0,0
2023-12-23,5,North,P005,Snacks,214,16.87,3610.1800000000003,0,1
2023-12-23,1,North,P006,Household,212,14.1,2989.2,0,0
2023-12-23,1,Central,P007,Dairy,226,34.5,7797.0,0,1
2023-12-23,3,South,P008,Dairy,215,13.77,2960.5499999999997,0,1
2023-12-23,5,North,P009,Personal Care,193,40.17,7752.81,1,0
2023-12-23,1,Central,P010,Household,227,10.82,2456.14,0,0
2023-12-30,3,South,P001,Beverages,192,19.98,3836.16,1,0
2023-12-30,4,North,P002,Household,210,45.63,9582.300000000001,0,0
2023-12-30,5,North,P003,Household,209,38.74,8096.660000000001,1,0
2023-12-30,4,Central,P004,Household,193,12.92,2493.56,0,1
2023-12-30,1,South,P005,Dairy,193,42.85,8270.050000000001,1,1
2023-12-30,5,North,P006,Dairy,195,29.72,5795.4,0,1
2023-12-30,3,South,P007,Snacks,184,43.87,8072.08,0,0
2023-12-30,1,Central,P008,Beverages,198,34.03,6737.9400000000005,0,0
2023-12-30,5,North,P009,Personal Care,207,37.27,7714.89,0,0
2023-12-30,5,South,P010,Household,222,49.74,11042.28,0,1
2024-01-06,4,Central,P001,Beverages,207,19.29,3993.0299999999997,0,0
2024-01-06,1,Central,P002,Beverages,221,34.96,7726.16,0,0
2024-01-06,3,North,P003,Snacks,190,28.41,5397.9,0,0
2024-01-06,3,South,P004,Personal Care,197,11.58,2281.26,0,0
2024-01-06,1,North,P005,Household,201,10.58,2126.58,0,1
2024-01-06,1,North,P006,Personal Care,204,14.77,3013.08,0,1
2024-01-06,2,South,P007,Snacks,202,35.96,7263.92,0,0
2024-01-06,4,South,P008,Dairy,207,32.69,6766.83,1,0
2024-01-06,1,South,P009,Beverages,206,32.14,6620.84,0,0
2024-01-06,1,Central,P010,Household,214,11.27,2411.7799999999997,0,0
2024-01-13,2,Central,P001,Dairy,187,28.77,5379.99,0,0
2024-01-13,2,South,P002,Snacks,201,46.98,9442.98,0,0
2024-01-13,5,Central,P003,Personal Care,191,25.9,4946.9,1,0
2024-01-13,3,North,P004,Beverages,197,35.0,6895.0,0,1
2024-01-13,4,South,P005,Household,208,41.19,8567.52,0,0
2024-01-13,5,North,P006,Dairy,189,41.36,7817.04,0,0
2024-01-13,1,South,P007,Dairy,215,30.77,6615.55,0,0
2024-01-13,2,North,P008,Beverages,214,44.32,9484.48,0,1
2024-01-13,3,South,P009,Personal Care,199,25.66,5106.34,1,1
2024-01-13,5,North,P010,Snacks,195,45.55,8882.25,1,0
2024-01-20,3,South,P001,Personal Care,198,19.61,3882.7799999999997,1,1
2024-01-20,2,South,P002,Personal Care,227,21.21,4814.67,0,1
2024-01-20,5,Central,P003,Personal Care,199,12.12,2411.8799999999997,0,0
2024-01-20,5,North,P004,Beverages,209,41.82,8740.38,0,1
2024-01-20,3,Central,P005,Beverages,205,26.68,5469.4,0,1
2024-01-20,2,North,P006,Snacks,194,19.16,3717.04,0,0
2024-01-20,1,Central,P007,Personal Care,214,19.27,4123.78,0,1
2024-01-20,5,South,P008,Beverages,179,46.06,8244.74,0,0
2024-01-20,1,Central,P009,Snacks,207,43.36,8975.52,0,1
2024-01-20,2,Central,P010,Snacks,184,32.14,5913.76,0,0
2024-01-27,5,South,P001,Personal Care,202,34.64,6997.28,0,0
2024-01-27,5,Central,P002,Household,235,28.97,6807.95,1,0
2024-01-27,1,South,P003,Personal Care,224,25.67,5750.08,0,0
2024-01-27,4,North,P004,Household,211,46.62,9836.82,0,0
2024-01-27,1,Central,P005,Snacks,210,15.02,3154.2,0,0
2024-01-27,1,South,P006,Beverages,202,26.74,5401.48,0,0
2024-01-27,4,South,P007,Dairy,223,23.78,5302.9400000000005,1,0
2024-01-27,2,Central,P008,Snacks,200,29.93,5986.0,0,0
2024-01-27,2,North,P009,Beverages,163,28.31,4614.53,0,0
2024-01-27,5,Central,P010,Snacks,240,30.76,7382.400000000001,0,0
2024-02-03,3,South,P001,Personal Care,207,15.6,3229.2,1,0
2024-02-03,3,North,P002,Household,213,30.53,6502.89,1,1
2024-02-03,5,Central,P003,Snacks,204,19.7,4018.7999999999997,0,1
2024-02-03,3,South,P004,Beverages,228,17.37,3960.36,0,1
2024-02-03,1,Central,P005,Personal Care,192,12.59,2417.2799999999997,0,1
2024-02-03,1,North,P006,Dairy,185,40.51,7494.349999999999,0,0
2024-02-03,4,North,P007,Personal Care,176,27.1,4769.6,0,1
2024-02-03,4,North,P008,Household,207,35.07,7259.49,0,1
2024-02-03,5,North,P009,Personal Care,188,39.1,7350.8,1,0
2024-02-03,5,North,P010,Dairy,168,37.17,6244.56,0,0
2024-02-10,5,Central,P001,Beverages,192,28.82,5533.4400000000005,0,0
2024-02-10,1,North,P002,Snacks,190,25.52,4848.8,0,0
2024-02-10,3,North,P003,Household,195,25.04,4882.8,0,0
2024-02-10,5,South,P004,Dairy,216,35.6,7689.6,0,1
2024-02-10,5,North,P005,Household,178,29.79,5302.62,0,0
2024-02-10,1,South,P006,Personal Care,176,43.97,7738.719999999999,0,1
2024-02-10,1,South,P007,Household,200,44.99,8998.0,0,0
2024-02-10,1,South,P008,Dairy,201,16.82,3380.82,0,0
2024-02-10,3,Central,P009,Snacks,211,15.45,3259.95,0,1
2024-02-10,5,Central,P010,Snacks,194,35.22,6832.679999999999,0,1
2024-02-17,2,South,P001,Household,208,22.05,4586.400000000001,0,1
2024-02-17,2,Central,P002,Beverages,220,10.74,2362.8,0,1
2024-02-17,5,North,P003,Household,196,45.55,8927.8,0,0
2024-02-17,5,Central,P004,Personal Care,207,19.08,3949.5599999999995,0,1
2024-02-17,5,North,P005,Snacks,210,47.17,9905.7,0,1
2024-02-17,5,North,P006,Snacks,207,38.7,8010.900000000001,1,1
2024-02-17,3,Central,P007,Snacks,199,40.51,8061.49,0,0
2024-02-17,2,Central,P008,Beverages,193,18.06,3485.58,1,1
2024-02-17,4,South,P009,Beverages,227,19.37,4396.99,1,0
2024-02-17,2,Central,P010,Dairy,212,30.85,6540.200000000001,1,1
2024-02-24,2,Central,P001,Household,191,16.88,3224.08,0,1
2024-02-24,1,Central,P002,Household,218,22.22,4843.96,0,0
2024-02-24,5,North,P003,Personal Care,207,22.86,4732.0199999999995,0,0
2024-02-24,5,North,P004,Snacks,204,16.39,3343.56,0,0
2024-02-24,5,North,P005,Beverages,197,18.21,3587.3700000000003,0,1
2024-02-24,1,South,P006,Personal Care,208,41.54,8640.32,0,0
2024-02-24,3,South,P007,Personal Care,187,16.69,3121.03,0,0
2024-02-24,3,South,P008,Beverages,217,11.14,2417.38,0,0
2024-02-24,4,North,P009,Household,199,35.17,6998.83,0,0
2024-02-24,3,Central,P010,Snacks,189,49.04,9268.56,0,0
2024-03-02,3,South,P001,Household,202,23.25,4696.5,0,0
2024-03-02,5,South,P002,Personal Care,203,14.75,2994.25,0,0
2024-03-02,2,North,P003,Snacks,174,32.82,5710.68,0,0
2024-03-02,3,South,P004,Dairy,193,46.25,8926.25,0,0
2024-03-02,3,Central,P005,Personal Care,183,41.36,7568.88,0,0
2024-03-02,1,North,P006,Household,201,34.9,7014.9,1,0
2024-03-02,4,North,P007,Household,213,22.6,4813.8,0,0
2024-03-02,1,Central,P008,Household,230,31.68,7286.4,0,0
2024-03-02,5,Central,P009,Beverages,190,13.65,2593.5,0,0
2024-03-02,2,Central,P010,Personal Care,205,37.16,7617.799999999999,0,0
2024-03-09,4,South,P001,Snacks,210,39.0,8190.0,0,0
2024-03-09,1,Central,P002,Household,202,48.6,9817.2,0,0
2024-03-09,3,North,P003,Household,178,20.42,3634.76,1,0
2024-03-09,3,Central,P004,Beverages,206,10.74,2212.44,0,0
2024-03-09,4,North,P005,Snacks,210,31.82,6682.2,0,0
2024-03-09,3,North,P006,Personal Care,194,38.27,7424.380000000001,0,0
2024-03-09,1,South,P007,Dairy,202,41.62,8407.24,1,0
2024-03-09,1,Central,P008,Beverages,203,17.75,3603.25,0,0
2024-03-09,3,South,P009,Personal Care,202,20.47,4134.94,0,0
2024-03-09,3,Central,P010,Dairy,195,30.5,5947.5,0,0
2024-03-16,5,Central,P001,Household,192,23.22,4458.24,0,0
2024-03-16,2,Central,P002,Household,201,44.42,8928.42,1,0
2024-03-16,4,Central,P003,Snacks,203,28.95,5876.849999999999,0,0
2024-03-16,1,Central,P004,Dairy,192,41.98,8060.16,0,0
2024-03-16,4,North,P005,Household,208,33.22,6909.76,0,0
2024-03-16,5,North,P006,Household,205,40.92,8388.6,0,0
2024-03-16,1,Central,P007,Snacks,208,23.31,4848.48,0,0
2024-03-16,5,North,P008,Personal Care,219,43.26,9473.939999999999,0,0
2024-03-16,5,South,P009,Household,205,20.98,4300.9,0,0
2024-03-16,3,South,P010,Beverages,191,31.84,6081.44,0,0
2024-03-23,4,South,P001,Beverages,217,18.56,4027.5199999999995,0,0
2024-03-23,4,Central,P002,Personal Care,239,29.02,6935.78,0,0
2024-03-23,3,Central,P003,Dairy,203,22.73,4614.1900000000005,0,0
2024-03-23,4,North,P004,Snacks,170,20.67,3513.9,0,0
2024-03-23,3,North,P005,Beverages,202,48.68,9833.36,0,0
2024-03-23,1,North,P006,Beverages,215,16.4,3525.9999999999995,0,0
2024-03-23,5,South,P007,Personal Care,208,41.49,8629.92,0,0
2024-03-23,5,South,P008,Dairy,205,49.37,10120.85,1,0
2024-03-23,4,South,P009,Dairy,203,10.8,2192.4,0,0
2024-03-23,2,South,P010,Personal Care,206,37.96,7819.76,0,0
2024-03-30,5,North,P001,Beverages,208,20.12,4184.96,0,0
2024-03-30,3,Central,P002,Snacks,223,11.62,2591.2599999999998,0,0
2024-03-30,2,Central,P003,Beverages,209,26.12,5459.08,0,0
2024-03-30,2,South,P004,Dairy,196,47.41,9292.359999999999,0,0
2024-03-30,5,Central,P005,Beverages,196,10.47,2052.1200000000003,0,0
2024-03-30,5,Central,P006,Snacks,181,33.52,6067.120000000001,1,0
2024-03-30,5,Central,P007,Household,195,30.06,5861.7,0,0
2024-03-30,3,South,P008,Beverages,200,44.94,8988.0,0,0
2024-03-30,2,North,P009,Personal Care,194,13.36,2591.8399999999997,0,0
2024-03-30,4,North,P010,Household,220,37.26,8197.199999999999,0,0
2024-04-06,3,Central,P001,Personal Care,207,37.2,7700.400000000001,0,0
2024-04-06,1,North,P002,Personal Care,172,36.76,6322.719999999999,1,0
2024-04-06,5,North,P003,Personal Care,206,47.69,9824.14,0,0
2024-04-06,2,South,P004,Beverages,199,42.92,8541.08,0,0
2024-04-06,3,South,P005,Dairy,196,11.68,2289.2799999999997,0,0
2024-04-06,1,Central,P006,Household,195,28.84,5623.8,0,0
2024-04-06,3,Central,P007,Snacks,187,25.92,4847.04,0,0
2024-04-06,3,Central,P008,Dairy,204,22.41,4571.64,0,0
2024-04-06,4,South,P009,Beverages,193,28.05,5413.650000000001,0,0
2024-04-06,4,North,P010,Personal Care,175,25.37,4439.75,1,0
2024-04-13,3,South,P001,Snacks,196,27.29,5348.84,0,0
2024-04-13,1,South,P002,Household,183,49.17,8998.11,0,0
2024-04-13,2,North,P003,Dairy,176,13.55,2384.8,0,0
2024-04-13,2,North,P004,Dairy,203,46.89,9518.67,0,0
2024-04-13,5,Central,P005,Snacks,199,29.21,5812.79,1,0
2024-04-13,5,North,P006,Beverages,213,34.95,7444.35,1,0
2024-04-13,2,North,P007,Household,181,43.21,7821.01,1,0
2024-04-13,3,North,P008,Snacks,185,24.42,4517.700000000001,0,0
2024-04-13,3,North,P009,Personal Care,196,27.22,5335.12,0,0
2024-04-13,4,Central,P010,Household,228,26.38,6014.639999999999,0,0
2024-04-20,4,Central,P001,Dairy,177,24.99,4423.23,0,0
2024-04-20,5,North,P002,Snacks,182,47.02,8557.640000000001,0,0
2024-04-20,2,North,P003,Dairy,195,43.16,8416.199999999999,0,0
2024-04-20,3,Central,P004,Dairy,222,14.36,3187.92,0,0
2024-04-20,2,Central,P005,Dairy,198,14.32,2835.36,1,0
2024-04-20,1,North,P006,Beverages,215,27.11,5828.65,0,0
2024-04-20,2,South,P007,Dairy,213,13.95,2971.35,1,0
2024-04-20,1,Central,P008,Personal Care,205,34.76,7125.799999999999,0,0
2024-04-20,4,Central,P009,Personal Care,196,15.75,3087.0,0,0
2024-04-20,4,Central,P010,Household,204,30.89,6301.56,0,0
2024-04-27,5,North,P001,Dairy,203,10.29,2088.87,0,0
2024-04-27,2,North,P002,Dairy,204,22.66,4622.64,0,0
2024-04-27,2,Central,P003,Snacks,188,37.09,6972.920000000001,0,0
2024-04-27,1,North,P004,Beverages,198,29.36,5813.28,0,0
2024-04-27,4,North,P005,Household,186,49.13,9138.18,0,0
2024-04-27,1,Central,P006,Dairy,196,44.96,8812.16,0,0
2024-04-27,4,North,P007,Snacks,195,24.36,4750.2,0,0
2024-04-27,1,South,P008,Beverages,200,11.82,2364.0,0,0
2024-04-27,4,North,P009,Household,203,43.83,8897.49,1,0
2024-04-27,1,North,P010,Household,202,46.45,9382.900000000001,0,0
2024-05-04,4,Central,P001,Dairy,178,42.83,7623.74,0,0
2024-05-04,1,Central,P002,Household,202,15.12,3054.24,0,0
2024-05-04,2,South,P003,Snacks,230,49.92,11481.6,0,0
2024-05-04,5,North,P004,Household,175,20.34,3559.5,0,0
2024-05-04,1,South,P005,Personal Care,181,38.97,7053.57,0,0
2024-05-04,5,South,P006,Snacks,183,46.32,8476.56,0,0
2024-05-04,2,Central,P007,Beverages,175,19.43,3400.25,0,0
2024-05-04,2,North,P008,Beverages,206,46.33,9543.98,0,0
2024-05-04,4,Central,P009,Dairy,196,22.38,4386.48,0,0
2024-05-04,5,South,P010,Dairy,185,49.06,9076.1,1,0
2024-05-11,3,South,P001,Personal Care,204,21.25,4335.0,0,0
2024-05-11,4,Central,P002,Beverages,196,48.14,9435.44,0,0
2024-05-11,5,Central,P003,Beverages,185,12.14,2245.9,0,0
2024-05-11,1,Central,P004,Beverages,202,38.37,7750.74,1,0
2024-05-11,1,Central,P005,Beverages,174,31.28,5442.72,0,0
2024-05-11,2,Central,P006,Household,189,29.12,5503.68,1,0
2024-05-11,3,South,P007,Snacks,188,18.94,3560.7200000000003,0,0
2024-05-11,1,Central,P008,Snacks,213,38.22,8140.86,0,0
2024-05-11,5,North,P009,Personal Care,197,17.63,3473.1099999999997,1,0
2024-05-11,5,South,P010,Household,171,32.11,5490.8099999999995,0,0
2024-05-18,1,South,P001,Beverages,196,20.13,3945.48,0,0
2024-05-18,5,North,P002,Beverages,182,48.22,8776.039999999999,0,0
2024-05-18,5,North,P003,Dairy,182,11.15,2029.3,1,0
2024-05-18,2,South,P004,Dairy,219,17.99,3939.8099999999995,1,0
2024-05-18,3,Central,P005,Personal Care,187,19.69,3682.03,0,0
2024-05-18,2,South,P006,Beverages,199,26.56,5285.44,0,0
2024-05-18,3,South,P007,Personal Care,204,19.31,3939.24,0,0
2024-05-18,5,North,P008,Household,199,29.65,5900.349999999999,0,0
2024-05-18,3,South,P009,Snacks,187,44.9,8396.3,0,0
2024-05-18,5,Central,P010,Beverages,194,38.48,7465.119999999999,0,0
2024-05-25,5,North,P001,Household,190,33.2,6308.000000000001,0,0
2024-05-25,2,South,P002,Beverages,213,13.56,2888.28,0,0
2024-05-25,2,South,P003,Dairy,199,37.76,7514.24,0,0
2024-05-25,4,Central,P004,Personal Care,197,16.66,3282.02,0,0
2024-05-25,1,South,P005,Dairy,191,41.45,7916.950000000001,0,0
2024-05-25,4,South,P006,Snacks,191,20.0,3820.0,0,0
2024-05-25,4,South,P007,Dairy,203,26.68,5416.04,0,0
2024-05-25,3,South,P008,Beverages,199,24.02,4779.98,0,0
2024-05-25,5,Central,P009,Dairy,202,44.35,8958.7,0,0
2024-05-25,5,South,P010,Beverages,221,15.06,3328.26,0,0
2024-06-01,5,South,P001,Snacks,218,32.63,7113.34,1,0
2024-06-01,1,South,P002,Dairy,204,15.68,3198.72,0,0
2024-06-01,3,North,P003,Personal Care,203,38.19,7752.57,0,0
2024-06-01,3,Central,P004,Personal Care,186,46.2,8593.2,0,0
2024-06-01,5,North,P005,Personal Care,202,27.38,5530.76,0,0
2024-06-01,4,North,P006,Dairy,205,29.52,6051.6,0,0
2024-06-01,1,Central,P007,Dairy,185,47.1,8713.5,0,0
2024-06-01,4,North,P008,Dairy,191,30.84,5890.44,1,0
2024-06-01,2,North,P009,Beverages,207,29.5,6106.5,1,0
2024-06-01,3,North,P010,Snacks,220,33.13,7288.6,0,0
2024-06-08,3,Central,P001,Personal Care,207,37.57,7776.99,1,0
2024-06-08,4,South,P002,Beverages,191,14.28,2727.48,0,0
2024-06-08,1,Central,P003,Personal Care,188,42.84,8053.920000000001,0,0
2024-06-08,3,Central,P004,Beverages,188,27.42,5154.96,1,0
2024-06-08,4,Central,P005,Dairy,200,12.89,2578.0,0,0
2024-06-08,1,North,P006,Personal Care,211,41.45,8745.95,0,0
2024-06-08,4,South,P007,Dairy,196,25.08,4915.679999999999,1,0
2024-06-08,1,Central,P008,Personal Care,206,14.01,2886.06,0,0
2024-06-08,5,Central,P009,Household,212,35.35,7494.200000000001,0,0
2024-06-08,1,South,P010,Beverages,240,45.21,10850.4,0,0
2024-06-15,2,South,P001,Household,207,45.51,9420.57,0,0
2024-06-15,5,South,P002,Beverages,187,48.31,9033.970000000001,0,0
2024-06-15,4,North,P003,Snacks,197,44.71,8807.87,0,0
2024-06-15,5,South,P004,Personal Care,188,10.09,1896.92,0,0
2024-06-15,5,North,P005,Snacks,186,25.21,4689.06,1,0
2024-06-15,4,Central,P006,Snacks,195,42.74,8334.300000000001,1,0
2024-06-15,4,North,P007,Beverages,216,24.65,5324.4,1,0
2024-06-15,2,South,P008,Household,195,34.06,6641.700000000001,0,0
2024-06-15,4,North,P009,Dairy,199,34.25,6815.75,0,0
2024-06-15,3,South,P010,Beverages,192,24.6,4723.200000000001,1,0
2024-06-22,3,North,P001,Dairy,192,46.18,8866.56,1,0
2024-06-22,2,Central,P002,Snacks,212,30.13,6387.5599999999995,0,0
2024-06-22,1,North,P003,Dairy,230,28.59,6575.7,0,0
2024-06-22,1,Central,P004,Household,200,49.9,9980.0,0,0
2024-06-22,3,South,P005,Beverages,181,29.74,5382.94,1,0
2024-06-22,4,Central,P006,Household,218,17.14,3736.52,1,0
2024-06-22,2,South,P007,Household,193,30.52,5890.36,0,0
2024-06-22,1,South,P008,Beverages,192,42.56,8171.52,0,0
2024-06-22,1,Central,P009,Household,209,41.07,8583.63,0,0
2024-06-22,5,Central,P010,Personal Care,189,41.54,7851.0599999999995,0,0
2024-06-29,3,North,P001,Personal Care,199,38.32,7625.68,0,0
2024-06-29,4,North,P002,Personal Care,184,20.17,3711.28,0,0
2024-06-29,2,Central,P003,Dairy,186,44.48,8273.279999999999,0,0
2024-06-29,1,Central,P004,Household,204,45.74,9330.960000000001,1,0
2024-06-29,5,Central,P005,Beverages,215,17.77,3820.5499999999997,0,0
2024-06-29,3,Central,P006,Beverages,216,15.22,3287.52,0,0
2024-06-29,3,South,P007,Dairy,194,49.02,9509.880000000001,0,0
2024-06-29,2,Central,P008,Beverages,180,44.73,8051.4,1,0
2024-06-29,1,Central,P009,Personal Care,207,45.73,9466.109999999999,0,0
2024-06-29,2,Central,P010,Household,191,45.46,8682.86,0,0
2024-07-06,2,Central,P001,Beverages,182,31.67,5763.9400000000005,0,0
2024-07-06,5,South,P002,Beverages,194,35.86,6956.84,0,0
2024-07-06,3,North,P003,Snacks,198,31.81,6298.38,0,0
2024-07-06,4,North,P004,Snacks,200,12.05,2410.0,1,0
2024-07-06,3,North,P005,Snacks,189,39.82,7525.9800000000005,0,0
2024-07-06,3,North,P006,Household,204,30.21,6162.84,0,0
2024-07-06,5,North,P007,Personal Care,213,35.91,7648.829999999999,1,0
2024-07-06,4,South,P008,Personal Care,206,30.11,6202.66,0,0
2024-07-06,1,North,P009,Personal Care,189,29.67,5607.63,0,0
2024-07-06,4,South,P010,Household,192,16.87,3239.04,1,0
2024-07-13,1,South,P001,Household,197,21.15,4166.549999999999,0,0
2024-07-13,4,North,P002,Snacks,170,16.35,2779.5000000000005,0,0
2024-07-13,2,North,P003,Beverages,187,17.83,3334.2099999999996,1,0
2024-07-13,4,North,P004,Dairy,216,48.92,10566.720000000001,0,0
2024-07-13,5,Central,P005,Dairy,181,16.12,2917.7200000000003,0,0
2024-07-13,1,South,P006,Beverages,226,20.77,4694.0199999999995,0,0
2024-07-13,3,North,P007,Snacks,200,33.62,6723.999999999999,0,0
2024-07-13,5,Central,P008,Beverages,205,34.41,7054.049999999999,0,0
2024-07-13,1,South,P009,Beverages,188,16.16,3038.08,0,0
2024-07-13,1,Central,P010,Dairy,163,41.75,6805.25,1,0
2024-07-20,3,Central,P001,Snacks,193,41.41,7992.129999999999,0,0
2024-07-20,2,North,P002,Household,200,19.49,3897.9999999999995,1,0
2024-07-20,5,South,P003,Dairy,211,21.55,4547.05,0,0
2024-07-20,3,Central,P004,Household,178,47.52,8458.560000000001,0,0
2024-07-20,3,South,P005,Snacks,188,43.03,8089.64,0,0
2024-07-20,2,North,P006,Beverages,215,37.91,8150.65,0,0
2024-07-20,5,South,P007,Personal Care,189,13.29,2511.81,0,0
2024-07-20,3,Central,P008,Personal Care,186,26.73,4971.78,0,0
2024-07-20,2,Central,P009,Snacks,197,32.37,6376.889999999999,1,0
2024-07-20,5,South,P010,Personal Care,222,17.5,3885.0,0,0
2024-07-27,4,Central,P001,Household,171,27.93,4776.03,0,0
2024-07-27,1,Central,P002,Personal Care,192,34.04,6535.68,0,0
2024-07-27,2,Central,P003,Snacks,181,23.1,4181.1,0,0
2024-07-27,1,North,P004,Snacks,174,41.24,7175.76,0,0
2024-07-27,4,North,P005,Household,215,43.62,9378.3,0,0
2024-07-27,3,Central,P006,Personal Care,234,22.94,5367.96,1,0
2024-07-27,3,South,P007,Personal Care,184,43.55,8013.2,0,0
2024-07-27,5,North,P008,Beverages,200,14.14,2828.0,1,0
2024-07-27,2,South,P009,Dairy,223,43.51,9702.73,1,0
2024-07-27,2,Central,P010,Snacks,186,16.11,2996.46,0,0
2024-08-03,5,Central,P001,Beverages,195,13.32,2597.4,0,0
2024-08-03,1,South,P002,Snacks,184,35.67,6563.280000000001,0,0
2024-08-03,3,North,P003,Beverages,192,28.88,5544.96,0,0
2024-08-03,3,South,P004,Dairy,210,46.32,9727.2,0,0
2024-08-03,2,South,P005,Beverages,202,24.53,4955.06,0,0
2024-08-03,2,Central,P006,Snacks,196,21.49,4212.04,0,0
2024-08-03,5,North,P007,Personal Care,194,30.03,5825.820000000001,0,0
2024-08-03,4,South,P008,Snacks,196,28.24,5535.04,0,0
2024-08-03,1,North,P009,Household,212,23.78,5041.360000000001,1,0
2024-08-03,4,Central,P010,Household,195,37.75,7361.25,0,0
2024-08-10,4,North,P001,Household,205,40.38,8277.9,0,0
2024-08-10,2,Central,P002,Household,220,44.12,9706.4,1,0
2024-08-10,2,North,P003,Dairy,173,48.91,8461.43,0,0
2024-08-10,2,South,P004,Personal Care,206,20.67,4258.02,0,0
2024-08-10,4,Central,P005,Personal Care,204,38.64,7882.56,0,0
2024-08-10,1,South,P006,Snacks,182,25.77,4690.14,0,0
2024-08-10,2,Central,P007,Beverages,191,37.08,7082.28,0,0
2024-08-10,3,North,P008,Snacks,208,29.04,6040.32,1,0
2024-08-10,1,North,P009,Snacks,187,49.75,9303.25,1,0
2024-08-10,3,Central,P010,Snacks,185,39.16,7244.599999999999,1,0
2024-08-17,1,Central,P001,Snacks,193,48.1,9283.300000000001,0,0
2024-08-17,2,Central,P002,Personal Care,208,43.4,9027.199999999999,0,0
2024-08-17,5,North,P003,Beverages,204,46.12,9408.48,0,0
2024-08-17,2,Central,P004,Snacks,176,42.58,7494.08,0,0
2024-08-17,4,Central,P005,Personal Care,177,28.37,5021.49,0,0
2024-08-17,4,South,P006,Snacks,199,20.07,3993.93,0,0
2024-08-17,1,Central,P007,Household,225,24.81,5582.25,1,0
2024-08-17,4,South,P008,Snacks,187,10.81,2021.47,0,0
2024-08-17,2,South,P009,Snacks,220,30.96,6811.2,0,0
2024-08-17,3,South,P010,Dairy,186,30.2,5617.2,1,0
2024-08-24,2,North,P001,Household,193,31.01,5984.93,0,0
2024-08-24,1,South,P002,Beverages,193,48.96,9449.28,0,0
2024-08-24,4,Central,P003,Snacks,204,46.46,9477.84,0,0
2024-08-24,3,North,P004,Beverages,189,16.47,3112.83,0,0
2024-08-24,5,North,P005,Household,197,24.76,4877.72,1,0
2024-08-24,3,North,P006,Snacks,198,26.96,5338.08,0,0
2024-08-24,3,North,P007,Dairy,223,24.42,5445.660000000001,0,0
2024-08-24,2,North,P008,Personal Care,214,41.94,8975.16,0,0
2024-08-24,5,North,P009,Dairy,217,30.96,6718.320000000001,0,0
2024-08-24,1,North,P010,Dairy,229,32.88,7529.52,0,0
2024-08-31,1,South,P001,Personal Care,214,44.12,9441.68,0,0
2024-08-31,3,Central,P002,Personal Care,169,42.24,7138.56,0,0
2024-08-31,3,Central,P003,Personal Care,198,15.29,3027.4199999999996,0,0
2024-08-31,4,South,P004,Snacks,206,38.56,7943.360000000001,0,0
2024-08-31,5,South,P005,Beverages,202,27.42,5538.84,0,0
2024-08-31,3,North,P006,Beverages,211,21.79,4597.69,0,0
2024-08-31,4,North,P007,Personal Care,235,12.0,2820.0,0,0
2024-08-31,5,South,P008,Dairy,221,29.49,6517.29,0,0
2024-08-31,1,North,P009,Household,189,24.22,4577.58,0,0
2024-08-31,4,Central,P010,Personal Care,187,20.06,3751.22,0,0
2024-09-07,5,Central,P001,Dairy,207,37.79,7822.53,0,0
2024-09-07,4,North,P002,Dairy,183,40.78,7462.74,0,0
2024-09-07,3,North,P003,Snacks,210,19.79,4155.9,1,0
2024-09-07,2,North,P004,Snacks,203,11.98,2431.94,0,0
2024-09-07,1,Central,P005,Beverages,181,43.95,7954.950000000001,1,0
2024-09-07,3,North,P006,Beverages,204,10.4,2121.6,0,0
2024-09-07,3,South,P007,Household,217,47.48,10303.16,1,0
2024-09-07,5,North,P008,Household,177,35.1,6212.7,1,0
2024-09-07,4,South,P009,Household,185,22.87,4230.95,0,0
2024-09-07,1,North,P010,Household,209,19.86,4150.74,0,0
2024-09-14,3,North,P001,Dairy,186,10.36,1926.9599999999998,0,0
2024-09-14,5,Central,P002,Dairy,192,19.42,3728.6400000000003,1,0
2024-09-14,1,South,P003,Beverages,207,15.51,3210.57,1,0
2024-09-14,4,South,P004,Snacks,201,34.49,6932.490000000001,0,0
2024-09-14,3,South,P005,Snacks,210,16.66,3498.6,0,0
2024-09-14,3,Central,P006,Personal Care,201,31.15,6261.15,0,0
2024-09-14,3,South,P007,Dairy,184,33.6,6182.400000000001,0,0
2024-09-14,1,Central,P008,Household,225,21.92,4932.0,0,0
2024-09-14,1,North,P009,Household,186,11.4,2120.4,0,0
2024-09-14,1,North,P010,Personal Care,204,11.49,2343.96,0,0
2024-09-21,1,South,P001,Snacks,193,11.05,2132.65,0,0
2024-09-21,5,North,P002,Household,214,39.56,8465.84,0,0
2024-09-21,2,North,P003,Snacks,197,22.72,4475.84,0,0
2024-09-21,5,South,P004,Personal Care,190,41.85,7951.5,0,0
2024-09-21,3,North,P005,Snacks,200,27.27,5454.0,0,0
2024-09-21,5,South,P006,Snacks,193,28.12,5427.16,0,0
2024-09-21,4,South,P007,Snacks,202,30.52,6165.04,0,0
2024-09-21,1,North,P008,Household,201,38.52,7742.52,0,0
2024-09-21,4,North,P009,Beverages,199,20.94,4167.06,0,0
2024-09-21,4,North,P010,Dairy,179,14.86,2659.94,0,0
2024-09-28,3,North,P001,Snacks,186,32.24,5996.64,0,0
2024-09-28,1,North,P002,Snacks,172,23.08,3969.7599999999998,0,0
2024-09-28,4,Central,P003,Snacks,161,27.7,4459.7,1,0
2024-09-28,3,North,P004,Beverages,180,35.88,6458.400000000001,0,0
2024-09-28,1,Central,P005,Personal Care,216,29.77,6430.32,0,0
2024-09-28,2,South,P006,Household,203,34.81,7066.43,0,0
2024-09-28,3,North,P007,Beverages,192,31.77,6099.84,0,0
2024-09-28,5,North,P008,Snacks,178,39.59,7047.02,1,0
2024-09-28,1,North,P009,Beverages,204,38.24,7800.96,0,0
2024-09-28,4,South,P010,Beverages,205,31.37,6430.85,0,0
2024-10-05,4,Central,P001,Beverages,211,37.16,7840.759999999999,0,0
2024-10-05,5,Central,P002,Personal Care,225,44.94,10111.5,0,0
2024-10-05,5,North,P003,Dairy,223,27.29,6085.67,0,0
2024-10-05,4,North,P004,Household,189,26.51,5010.39,1,0
2024-10-05,1,North,P005,Personal Care,202,40.57,8195.14,0,0
2024-10-05,3,North,P006,Personal Care,195,33.3,6493.499999999999,0,0
2024-10-05,5,South,P007,Dairy,203,12.84,2606.52,0,0
2024-10-05,5,North,P008,Personal Care,212,45.68,9684.16,1,0
2024-10-05,5,South,P009,Beverages,206,11.23,2313.38,0,0
2024-10-05,2,North,P010,Beverages,182,39.94,7269.08,0,0
2024-10-12,1,Central,P001,Snacks,223,40.35,8998.050000000001,0,0
2024-10-12,1,Central,P002,Personal Care,191,48.12,9190.92,0,0
2024-10-12,1,North,P003,Snacks,199,12.17,2421.83,0,0
2024-10-12,1,North,P004,Household,164,33.87,5554.679999999999,0,0
2024-10-12,1,South,P005,Beverages,187,27.11,5069.57,0,0
2024-10-12,4,North,P006,Household,212,23.23,4924.76,0,0
2024-10-12,5,North,P007,Dairy,198,13.61,2694.7799999999997,1,0
2024-10-12,4,North,P008,Beverages,177,32.51,5754.2699999999995,1,0
2024-10-12,2,Central,P009,Household,195,29.16,5686.2,0,0
2024-10-12,3,South,P010,Dairy,227,14.18,3218.86,1,0
2024-10-19,5,Central,P001,Household,207,34.5,7141.5,1,0
2024-10-19,2,South,P002,Dairy,190,39.52,7508.8,0,0
2024-10-19,4,Central,P003,Dairy,187,40.69,7609.03,0,0
2024-10-19,3,North,P004,Beverages,172,46.21,7948.12,0,0
2024-10-19,2,Central,P005,Snacks,206,26.38,5434.28,1,0
2024-10-19,3,Central,P006,Dairy,195,48.12,9383.4,0,0
2024-10-19,2,South,P007,Dairy,218,44.62,9727.16,1,0
2024-10-19,4,South,P008,Beverages,187,21.86,4087.8199999999997,0,0
2024-10-19,3,Central,P009,Snacks,196,16.37,3208.52,0,0
2024-10-19,2,South,P010,Personal Care,210,27.42,5758.200000000001,0,0
2024-10-26,4,South,P001,Personal Care,191,26.08,4981.28,0,0
2024-10-26,5,South,P002,Snacks,194,33.03,6407.820000000001,0,0
2024-10-26,4,South,P003,Household,203,33.34,6768.02,0,0
2024-10-26,4,South,P004,Beverages,204,40.0,8160.0,0,0
2024-10-26,5,Central,P005,Snacks,208,30.4,6323.2,0,0
2024-10-26,4,South,P006,Personal Care,207,14.19,2937.33,0,0
2024-10-26,5,North,P007,Dairy,200,44.33,8866.0,0,0
2024-10-26,5,Central,P008,Personal Care,203,22.39,4545.17,1,0
2024-10-26,5,Central,P009,Dairy,198,48.85,9672.300000000001,0,0
2024-10-26,2,Central,P010,Beverages,176,14.71,2588.96,0,0
2024-11-02,3,South,P001,Dairy,173,48.33,8361.09,0,0
2024-11-02,2,North,P002,Snacks,219,13.64,2987.1600000000003,1,0
2024-11-02,5,South,P003,Dairy,202,19.24,3886.4799999999996,1,0
2024-11-02,3,Central,P004,Household,200,11.86,2372.0,0,0
2024-11-02,3,Central,P005,Snacks,217,38.2,8289.400000000001,0,0
2024-11-02,5,Central,P006,Beverages,181,44.01,7965.8099999999995,0,0
2024-11-02,3,Central,P007,Snacks,199,27.36,5444.64,0,0
2024-11-02,3,South,P008,Household,193,47.14,9098.02,0,0
2024-11-02,2,North,P009,Beverages,185,33.61,6217.849999999999,0,0
2024-11-02,3,North,P010,Personal Care,168,35.2,5913.6,0,0
2024-11-09,5,Central,P001,Household,191,43.82,8369.62,0,0
2024-11-09,1,North,P002,Beverages,182,21.87,3980.34,0,0
2024-11-09,1,Central,P003,Dairy,197,24.17,4761.490000000001,0,0
2024-11-09,1,Central,P004,Snacks,221,46.24,10219.04,0,0
2024-11-09,5,North,P005,Beverages,199,46.04,9161.96,1,0
2024-11-09,1,Central,P006,Snacks,221,49.06,10842.26,0,0
2024-11-09,2,North,P007,Dairy,200,46.07,9214.0,0,0
2024-11-09,5,Central,P008,Beverages,236,15.09,3561.24,0,0
2024-11-09,5,North,P009,Personal Care,191,42.95,8203.45,0,0
2024-11-09,5,Central,P010,Household,203,26.39,5357.17,0,0
2024-11-16,3,North,P001,Beverages,197,49.63,9777.11,0,0
2024-11-16,3,Central,P002,Dairy,192,28.89,5546.88,0,0
2024-11-16,3,Central,P003,Beverages,193,32.15,6204.95,1,0
2024-11-16,4,Central,P004,Snacks,231,31.19,7204.89,0,0
2024-11-16,2,North,P005,Beverages,198,22.87,4528.26,0,0
2024-11-16,5,South,P006,Personal Care,201,13.0,2613.0,0,0
2024-11-16,5,Central,P007,Beverages,217,45.83,9945.109999999999,0,0
2024-11-16,3,Central,P008,Household,188,42.11,7916.68,0,0
2024-11-16,5,North,P009,Beverages,205,15.58,3193.9,0,0
2024-11-16,5,Central,P010,Snacks,185,41.07,7597.95,0,0
2024-11-23,1,Central,P001,Beverages,197,35.03,6900.91,0,0
2024-11-23,5,Central,P002,Personal Care,213,26.37,5616.81,0,0
2024-11-23,4,Central,P003,Dairy,214,20.16,4314.24,0,0
2024-11-23,3,South,P004,Beverages,200,44.39,8878.0,0,0
2024-11-23,2,South,P005,Beverages,206,38.01,7830.0599999999995,0,0
2024-11-23,2,Central,P006,Household,218,31.91,6956.38,0,0
2024-11-23,1,Central,P007,Personal Care,218,34.38,7494.84,0,0
2024-11-23,2,Central,P008,Dairy,195,13.64,2659.8,0,0
2024-11-23,2,South,P009,Snacks,196,28.96,5676.16,0,0
2024-11-23,3,South,P010,Beverages,189,17.75,3354.75,1,0
2024-11-30,3,North,P001,Dairy,192,18.34,3521.2799999999997,0,0
2024-11-30,4,North,P002,Snacks,190,36.45,6925.500000000001,0,0
2024-11-30,1,Central,P003,Personal Care,168,46.45,7803.6,0,0
2024-11-30,2,Central,P004,Personal Care,192,26.15,5020.799999999999,0,0
2024-11-30,4,South,P005,Dairy,186,18.31,3405.66,1,0
2024-11-30,1,Central,P006,Snacks,196,35.95,7046.200000000001,0,0
2024-11-30,2,Central,P007,Personal Care,208,44.85,9328.800000000001,0,0
2024-11-30,2,South,P008,Dairy,177,39.93,7067.61,0,0
2024-11-30,3,South,P009,Personal Care,204,44.75,9129.0,0,0
2024-11-30,5,South,P010,Personal Care,216,31.46,6795.360000000001,1,0
2024-12-07,1,South,P001,Personal Care,198,40.08,7935.839999999999,0,0
2024-12-07,2,North,P002,Household,174,15.6,2714.4,0,0
2024-12-07,1,South,P003,Snacks,202,23.93,4833.86,0,1
2024-12-07,4,South,P004,Dairy,187,25.58,4783.46,0,1
2024-12-07,4,Central,P005,Dairy,194,30.45,5907.3,1,0
2024-12-07,5,Central,P006,Snacks,214,47.16,10092.24,0,0
2024-12-07,2,Central,P007,Snacks,190,44.97,8544.3,0,0
2024-12-07,3,North,P008,Snacks,216,15.38,3322.0800000000004,0,0
2024-12-07,2,South,P009,Snacks,172,16.91,2908.52,0,0
2024-12-07,1,South,P010,Beverages,193,24.31,4691.83,0,0
2024-12-14,4,North,P001,Dairy,214,21.63,4628.82,0,0
2024-12-14,1,South,P002,Beverages,188,34.59,6502.920000000001,0,0
2024-12-14,5,Central,P003,Personal Care,184,46.11,8484.24,0,1
2024-12-14,4,North,P004,Personal Care,199,48.49,9649.51,0,0
2024-12-14,3,South,P005,Dairy,203,36.14,7336.42,0,1
2024-12-14,4,North,P006,Personal Care,188,43.53,8183.64,0,1
2024-12-14,2,North,P007,Snacks,200,31.01,6202.0,0,0
2024-12-14,2,South,P008,Beverages,182,18.33,3336.0599999999995,1,0
2024-12-14,4,Central,P009,Snacks,179,30.99,5547.21,1,0
2024-12-14,5,South,P010,Personal Care,180,32.2,5796.000000000001,1,0
2024-12-21,2,South,P001,Beverages,206,39.7,8178.200000000001,0,1
2024-12-21,2,Central,P002,Snacks,206,18.8,3872.8,0,1
2024-12-21,3,South,P003,Dairy,202,24.73,4995.46,0,0
2024-12-21,4,South,P004,Snacks,184,24.56,4519.04,0,0
2024-12-21,2,South,P005,Personal Care,201,48.38,9724.380000000001,0,0
2024-12-21,5,North,P006,Beverages,218,27.76,6051.68,0,1
2024-12-21,1,North,P007,Dairy,180,40.2,7236.000000000001,0,1
2024-12-21,4,North,P008,Beverages,190,40.03,7605.7,1,0
2024-12-21,3,South,P009,Dairy,216,20.62,4453.92,0,0
2024-12-21,2,Central,P010,Beverages,190,32.87,6245.299999999999,0,0
